Date,Passage,Video 1,Video 2,Video 3,Proverbs
1/1/2025,Gen 1-2; Pro 1,https://www.youtube.com/watch?v=GQI72THyO5I&t=8s,,,https://www.youtube.com/watch?v=AzmYV8GNAIM&t=11s
1/2/2025,Gen 3-5; Pro 2,https://www.youtube.com/watch?v=GQI72THyO5I&t=8s,,,https://www.youtube.com/watch?v=AzmYV8GNAIM&t=11s
1/3/2025,Gen 6-7; Pro 3,https://www.youtube.com/watch?v=GQI72THyO5I&t=8s,,,https://www.youtube.com/watch?v=AzmYV8GNAIM&t=11s
1/4/2025,,,,,
1/5/2025,,,,,
1/6/2025,Gen 8-10; Pro 4,https://www.youtube.com/watch?v=GQI72THyO5I&t=8s,,,https://www.youtube.com/watch?v=AzmYV8GNAIM&t=11s
1/7/2025,Gen 11; Job 1; Pro 5,https://www.youtube.com/watch?v=GQI72THyO5I&t=8s,https://www.youtube.com/watch?v=xQwnH8th_fs&t=3s,,https://www.youtube.com/watch?v=AzmYV8GNAIM&t=11s
1/8/2025,Job 2-5; Pro 6,https://www.youtube.com/watch?v=xQwnH8th_fs&t=3s,,,https://www.youtube.com/watch?v=AzmYV8GNAIM&t=11s
1/9/2025,Job 6-9; Pro 7,https://www.youtube.com/watch?v=xQwnH8th_fs&t=3s,,,https://www.youtube.com/watch?v=AzmYV8GNAIM&t=11s
1/10/2025,Job 10-12; Pro 8,https://www.youtube.com/watch?v=xQwnH8th_fs&t=3s,,,https://www.youtube.com/watch?v=AzmYV8GNAIM&t=11s
1/11/2025,,,,,
1/12/2025,,,,,
1/13/2025,Job 13-15; Pro 9,https://www.youtube.com/watch?v=xQwnH8th_fs&t=3s,,,https://www.youtube.com/watch?v=AzmYV8GNAIM&t=11s
1/14/2025,Job 16-19; Pro 10,https://www.youtube.com/watch?v=xQwnH8th_fs&t=3s,,,https://www.youtube.com/watch?v=AzmYV8GNAIM&t=11s
1/15/2025,Job 20-23; Pro 11,https://www.youtube.com/watch?v=xQwnH8th_fs&t=3s,,,https://www.youtube.com/watch?v=AzmYV8GNAIM&t=11s
1/16/2025,Job 24-27; Pro 12,https://www.youtube.com/watch?v=xQwnH8th_fs&t=3s,,,https://www.youtube.com/watch?v=AzmYV8GNAIM&t=11s
1/17/2025,Job 28-30; Pro 13,https://www.youtube.com/watch?v=xQwnH8th_fs&t=3s,,,https://www.youtube.com/watch?v=AzmYV8GNAIM&t=11s
1/18/2025,,,,,
1/19/2025,,,,,
1/20/2025,Job 31-33; Pro 14,https://www.youtube.com/watch?v=xQwnH8th_fs&t=3s,,,https://www.youtube.com/watch?v=AzmYV8GNAIM&t=11s
1/21/2025,Job 34-36; Pro 15,https://www.youtube.com/watch?v=xQwnH8th_fs&t=3s,,,https://www.youtube.com/watch?v=AzmYV8GNAIM&t=11s
1/22/2025,Job 37-39; Pro 16,https://www.youtube.com/watch?v=xQwnH8th_fs&t=3s,,,https://www.youtube.com/watch?v=AzmYV8GNAIM&t=11s
1/23/2025,Job 40-42; Gen 12; Pro 17,https://www.youtube.com/watch?v=xQwnH8th_fs&t=3s,https://www.youtube.com/watch?v=F4isSyennFo&t=3s,,https://www.youtube.com/watch?v=AzmYV8GNAIM&t=11s
1/24/2025,Gen 13-14; Pro 18,https://www.youtube.com/watch?v=F4isSyennFo&t=3s,,,https://www.youtube.com/watch?v=AzmYV8GNAIM&t=11s
1/25/2025,,,,,
1/26/2025,,,,,
1/27/2025,Gen 15-17; Pro 19,https://www.youtube.com/watch?v=F4isSyennFo&t=3s,,,https://www.youtube.com/watch?v=AzmYV8GNAIM&t=11s
1/28/2025,Gen 18-19; Pro 20,https://www.youtube.com/watch?v=F4isSyennFo&t=3s,,,https://www.youtube.com/watch?v=AzmYV8GNAIM&t=11s
1/29/2025,Gen 20-21; Pro 21,https://www.youtube.com/watch?v=F4isSyennFo&t=3s,,,https://www.youtube.com/watch?v=AzmYV8GNAIM&t=11s
1/30/2025,Gen 22-23; Pro 22,https://www.youtube.com/watch?v=F4isSyennFo&t=3s,,,https://www.youtube.com/watch?v=AzmYV8GNAIM&t=11s
1/31/2025,Gen 24; Pro 23,https://www.youtube.com/watch?v=F4isSyennFo&t=3s,,,https://www.youtube.com/watch?v=AzmYV8GNAIM&t=11s
2/1/2025,,,,,
2/2/2025,,,,,
2/3/2025,Gen 25-26; Pro 24,https://www.youtube.com/watch?v=F4isSyennFo&t=3s,,,https://www.youtube.com/watch?v=AzmYV8GNAIM&t=11s
2/4/2025,Gen 27-28; Pro 25,https://www.youtube.com/watch?v=F4isSyennFo&t=3s,,,https://www.youtube.com/watch?v=AzmYV8GNAIM&t=11s
2/5/2025,Gen 29; Pro 26,https://www.youtube.com/watch?v=F4isSyennFo&t=3s,,,https://www.youtube.com/watch?v=AzmYV8GNAIM&t=11s
2/6/2025,Gen 30-31; Pro 27,https://www.youtube.com/watch?v=F4isSyennFo&t=3s,,,https://www.youtube.com/watch?v=AzmYV8GNAIM&t=11s
2/7/2025,Gen 32; Pro 28,https://www.youtube.com/watch?v=F4isSyennFo&t=3s,,,https://www.youtube.com/watch?v=AzmYV8GNAIM&t=11s
2/8/2025,,,,,
2/9/2025,,,,,
2/10/2025,Gen 33-35; Pro 29,https://www.youtube.com/watch?v=F4isSyennFo&t=3s,,,https://www.youtube.com/watch?v=AzmYV8GNAIM&t=11s
2/11/2025,Gen 36; Pro 30,https://www.youtube.com/watch?v=F4isSyennFo&t=3s,,,https://www.youtube.com/watch?v=AzmYV8GNAIM&t=11s
2/12/2025,Gen 37-38; Pro 31,https://www.youtube.com/watch?v=F4isSyennFo&t=3s,,,https://www.youtube.com/watch?v=AzmYV8GNAIM&t=11s
2/13/2025,Gen 39-40; Pro 1,https://www.youtube.com/watch?v=F4isSyennFo&t=3s,,,https://www.youtube.com/watch?v=AzmYV8GNAIM&t=11s
2/14/2025,Gen 41-42; Pro 2,https://www.youtube.com/watch?v=F4isSyennFo&t=3s,,,https://www.youtube.com/watch?v=AzmYV8GNAIM&t=11s
2/15/2025,,,,,
2/16/2025,,,,,
2/17/2025,Gen 43; Pro 3,https://www.youtube.com/watch?v=F4isSyennFo&t=3s,,,https://www.youtube.com/watch?v=AzmYV8GNAIM&t=11s
2/18/2025,Gen 44-45; Pro 4,https://www.youtube.com/watch?v=F4isSyennFo&t=3s,,,https://www.youtube.com/watch?v=AzmYV8GNAIM&t=11s
2/19/2025,Gen 46-47; Pro 5,https://www.youtube.com/watch?v=F4isSyennFo&t=3s,,,https://www.youtube.com/watch?v=AzmYV8GNAIM&t=11s
2/20/2025,Gen 48-49; Pro 6,https://www.youtube.com/watch?v=F4isSyennFo&t=3s,,,https://www.youtube.com/watch?v=AzmYV8GNAIM&t=11s
2/21/2025,Gen 50; Ex 1-2; Pro 7,https://www.youtube.com/watch?v=F4isSyennFo&t=3s,https://www.youtube.com/watch?v=jH_aojNJM3E,,https://www.youtube.com/watch?v=AzmYV8GNAIM&t=11s
2/22/2025,,,,,
2/23/2025,,,,,
2/24/2025,Ex 3; Pro 8,https://www.youtube.com/watch?v=jH_aojNJM3E,,,https://www.youtube.com/watch?v=AzmYV8GNAIM&t=11s
2/25/2025,Ex 4-6; Pro 9,https://www.youtube.com/watch?v=jH_aojNJM3E,,,https://www.youtube.com/watch?v=AzmYV8GNAIM&t=11s
2/26/2025,Ex 7-8; Pro 10,https://www.youtube.com/watch?v=jH_aojNJM3E,,,https://www.youtube.com/watch?v=AzmYV8GNAIM&t=11s
2/27/2025,Ex 9; Pro 11,https://www.youtube.com/watch?v=jH_aojNJM3E,,,https://www.youtube.com/watch?v=AzmYV8GNAIM&t=11s
2/28/2025,Ex 10-11; Pro 12,https://www.youtube.com/watch?v=jH_aojNJM3E,,,https://www.youtube.com/watch?v=AzmYV8GNAIM&t=11s
3/1/2025,,,,,
3/2/2025,,,,,
3/3/2025,Ex 12-13; Pro 13,https://www.youtube.com/watch?v=jH_aojNJM3E,,,https://www.youtube.com/watch?v=AzmYV8GNAIM&t=11s
3/4/2025,Ex 14-15; Pro 14,https://www.youtube.com/watch?v=jH_aojNJM3E,,,https://www.youtube.com/watch?v=AzmYV8GNAIM&t=11s
3/5/2025,Ex 16; Pro 15,https://www.youtube.com/watch?v=jH_aojNJM3E,,,https://www.youtube.com/watch?v=AzmYV8GNAIM&t=11s
3/6/2025,Ex 17-19; Pro 16,https://www.youtube.com/watch?v=jH_aojNJM3E,https://www.youtube.com/watch?v=oNpTha80yyE&t=4s,,https://www.youtube.com/watch?v=AzmYV8GNAIM&t=11s
3/7/2025,Ex 20-21; Pro 17,https://www.youtube.com/watch?v=oNpTha80yyE&t=4s,,,https://www.youtube.com/watch?v=AzmYV8GNAIM&t=11s
3/8/2025,,,,,
3/9/2025,,,,,
3/10/2025,Ex 22-23; Pro 18,https://www.youtube.com/watch?v=oNpTha80yyE&t=4s,,,https://www.youtube.com/watch?v=AzmYV8GNAIM&t=11s
3/11/2025,Ex 24-25; Pro 19,https://www.youtube.com/watch?v=oNpTha80yyE&t=4s,,,https://www.youtube.com/watch?v=AzmYV8GNAIM&t=11s
3/12/2025,Ex 26-27; Pro 20,https://www.youtube.com/watch?v=oNpTha80yyE&t=4s,,,https://www.youtube.com/watch?v=AzmYV8GNAIM&t=11s
3/13/2025,Ex 28; Pro 21,https://www.youtube.com/watch?v=oNpTha80yyE&t=4s,,,https://www.youtube.com/watch?v=AzmYV8GNAIM&t=11s
3/14/2025,Ex 29; Pro 22,https://www.youtube.com/watch?v=oNpTha80yyE&t=4s,,,https://www.youtube.com/watch?v=AzmYV8GNAIM&t=11s
3/15/2025,,,,,
3/16/2025,,,,,
3/17/2025,Ex 30-31; Pro 23,https://www.youtube.com/watch?v=oNpTha80yyE&t=4s,,,https://www.youtube.com/watch?v=AzmYV8GNAIM&t=11s
3/18/2025,Ex 32-33; Pro 24,https://www.youtube.com/watch?v=oNpTha80yyE&t=4s,,,https://www.youtube.com/watch?v=AzmYV8GNAIM&t=11s
3/19/2025,Ex 34-35; Pro 25,https://www.youtube.com/watch?v=oNpTha80yyE&t=4s,,,https://www.youtube.com/watch?v=AzmYV8GNAIM&t=11s
3/20/2025,Ex 36; Pro 26,https://www.youtube.com/watch?v=oNpTha80yyE&t=4s,,,https://www.youtube.com/watch?v=AzmYV8GNAIM&t=11s
3/21/2025,Ex 37-38; Pro 27,https://www.youtube.com/watch?v=oNpTha80yyE&t=4s,,,https://www.youtube.com/watch?v=AzmYV8GNAIM&t=11s
3/22/2025,,,,,
3/23/2025,,,,,
3/24/2025,Ex 39-40; Pro 28,https://www.youtube.com/watch?v=oNpTha80yyE&t=4s,,,https://www.youtube.com/watch?v=AzmYV8GNAIM&t=11s
3/25/2025,Lev 1-3; Pro 29,https://www.youtube.com/watch?v=IJ-FekWUZzE&t=3s,,,https://www.youtube.com/watch?v=AzmYV8GNAIM&t=11s
3/26/2025,Lev 4-5; Pro 30,https://www.youtube.com/watch?v=IJ-FekWUZzE&t=3s,,,https://www.youtube.com/watch?v=AzmYV8GNAIM&t=11s
3/27/2025,Lev 6; Pro 31,https://www.youtube.com/watch?v=IJ-FekWUZzE&t=3s,,,https://www.youtube.com/watch?v=AzmYV8GNAIM&t=11s
3/28/2025,Lev 7-8; Pro 1,https://www.youtube.com/watch?v=IJ-FekWUZzE&t=3s,,,https://www.youtube.com/watch?v=AzmYV8GNAIM&t=11s
3/29/2025,,,,,
3/30/2025,,,,,
3/31/2025,Lev 9-10; Pro 2,https://www.youtube.com/watch?v=IJ-FekWUZzE&t=3s,,,https://www.youtube.com/watch?v=AzmYV8GNAIM&t=11s
4/1/2025,Lev 11-12; Pro 3,https://www.youtube.com/watch?v=IJ-FekWUZzE&t=3s,,,https://www.youtube.com/watch?v=AzmYV8GNAIM&t=11s
4/2/2025,Lev 13; Pro 4,https://www.youtube.com/watch?v=IJ-FekWUZzE&t=3s,,,https://www.youtube.com/watch?v=AzmYV8GNAIM&t=11s
4/3/2025,Lev 14; Pro 5,https://www.youtube.com/watch?v=IJ-FekWUZzE&t=3s,,,https://www.youtube.com/watch?v=AzmYV8GNAIM&t=11s
4/4/2025,Lev 15; Pro 6,https://www.youtube.com/watch?v=IJ-FekWUZzE&t=3s,,,https://www.youtube.com/watch?v=AzmYV8GNAIM&t=11s
4/5/2025,,,,,
4/6/2025,,,,,
4/7/2025,Lev 16-17; Pro 7,https://www.youtube.com/watch?v=IJ-FekWUZzE&t=3s,,,https://www.youtube.com/watch?v=AzmYV8GNAIM&t=11s
4/8/2025,Lev 18-19; Pro 8,https://www.youtube.com/watch?v=IJ-FekWUZzE&t=3s,,,https://www.youtube.com/watch?v=AzmYV8GNAIM&t=11s
4/9/2025,Lev 20-21; Pro 9,https://www.youtube.com/watch?v=IJ-FekWUZzE&t=3s,,,https://www.youtube.com/watch?v=AzmYV8GNAIM&t=11s
4/10/2025,Lev 22; Pro 10,https://www.youtube.com/watch?v=IJ-FekWUZzE&t=3s,,,https://www.youtube.com/watch?v=AzmYV8GNAIM&t=11s
4/11/2025,Lev 23-24; Pro 11,https://www.youtube.com/watch?v=IJ-FekWUZzE&t=3s,,,https://www.youtube.com/watch?v=AzmYV8GNAIM&t=11s
4/12/2025,,,,,
4/13/2025,,,,,
4/14/2025,Lev 25; Pro 12,https://www.youtube.com/watch?v=IJ-FekWUZzE&t=3s,,,https://www.youtube.com/watch?v=AzmYV8GNAIM&t=11s
4/15/2025,Lev 26; Pro 13,https://www.youtube.com/watch?v=IJ-FekWUZzE&t=3s,,,https://www.youtube.com/watch?v=AzmYV8GNAIM&t=11s
4/16/2025,Lev 27; Num 1; Pro 14,https://www.youtube.com/watch?v=IJ-FekWUZzE&t=3s,https://www.youtube.com/watch?v=tp5MIrMZFqo&t=2s,,https://www.youtube.com/watch?v=AzmYV8GNAIM&t=11s
4/17/2025,Num 2; Pro 15,https://www.youtube.com/watch?v=tp5MIrMZFqo&t=2s,,,https://www.youtube.com/watch?v=AzmYV8GNAIM&t=11s
4/18/2025,Num 3-4; Pro 16,https://www.youtube.com/watch?v=tp5MIrMZFqo&t=2s,,,https://www.youtube.com/watch?v=AzmYV8GNAIM&t=11s
4/19/2025,,,,,
4/20/2025,,,,,
4/21/2025,Num 5; Pro 17,https://www.youtube.com/watch?v=tp5MIrMZFqo&t=2s,,,https://www.youtube.com/watch?v=AzmYV8GNAIM&t=11s
4/22/2025,Num 6; Pro 18,https://www.youtube.com/watch?v=tp5MIrMZFqo&t=2s,,,https://www.youtube.com/watch?v=AzmYV8GNAIM&t=11s
4/23/2025,Num 7; Pro 19,https://www.youtube.com/watch?v=tp5MIrMZFqo&t=2s,,,https://www.youtube.com/watch?v=AzmYV8GNAIM&t=11s
4/24/2025,Num 8-9; Pro 20,https://www.youtube.com/watch?v=tp5MIrMZFqo&t=2s,,,https://www.youtube.com/watch?v=AzmYV8GNAIM&t=11s
4/25/2025,Num 10-11; Pro 21,https://www.youtube.com/watch?v=tp5MIrMZFqo&t=2s,,,https://www.youtube.com/watch?v=AzmYV8GNAIM&t=11s
4/26/2025,,,,,
4/27/2025,,,,,
4/28/2025,Num 12-13; Pro 22,https://www.youtube.com/watch?v=tp5MIrMZFqo&t=2s,,,https://www.youtube.com/watch?v=AzmYV8GNAIM&t=11s
4/29/2025,Num 14-15; Pro 23,https://www.youtube.com/watch?v=tp5MIrMZFqo&t=2s,,,https://www.youtube.com/watch?v=AzmYV8GNAIM&t=11s
4/30/2025,Ps 90; Pro 24,https://www.youtube.com/watch?v=j9phNEaPrv8&t=4s,,,https://www.youtube.com/watch?v=AzmYV8GNAIM&t=11s
5/1/2025,Num 16-17; Pro 25,https://www.youtube.com/watch?v=tp5MIrMZFqo&t=2s,,,https://www.youtube.com/watch?v=AzmYV8GNAIM&t=11s
5/2/2025,Num 18-19; Pro 26,https://www.youtube.com/watch?v=tp5MIrMZFqo&t=2s,,,https://www.youtube.com/watch?v=AzmYV8GNAIM&t=11s
5/3/2025,,,,,
5/4/2025,,,,,
5/5/2025,Num 20-21; Pro 27,https://www.youtube.com/watch?v=tp5MIrMZFqo&t=2s,,,https://www.youtube.com/watch?v=AzmYV8GNAIM&t=11s
5/6/2025,Num 22; Pro 28,https://www.youtube.com/watch?v=tp5MIrMZFqo&t=2s,,,https://www.youtube.com/watch?v=AzmYV8GNAIM&t=11s
5/7/2025,Num 23-25; Pro 29,https://www.youtube.com/watch?v=tp5MIrMZFqo&t=2s,,,https://www.youtube.com/watch?v=AzmYV8GNAIM&t=11s
5/8/2025,Num 26; Pro 30,https://www.youtube.com/watch?v=tp5MIrMZFqo&t=2s,,,https://www.youtube.com/watch?v=AzmYV8GNAIM&t=11s
5/9/2025,Num 27-28; Pro 31,https://www.youtube.com/watch?v=tp5MIrMZFqo&t=2s,,,https://www.youtube.com/watch?v=AzmYV8GNAIM&t=11s
5/10/2025,,,,,
5/11/2025,,,,,
5/12/2025,Num 29-30; Pro 1,https://www.youtube.com/watch?v=tp5MIrMZFqo&t=2s,,,https://www.youtube.com/watch?v=AzmYV8GNAIM&t=11s
5/13/2025,Num 31; Pro 2,https://www.youtube.com/watch?v=tp5MIrMZFqo&t=2s,,,https://www.youtube.com/watch?v=AzmYV8GNAIM&t=11s
5/14/2025,Num 32-33; Pro 3,https://www.youtube.com/watch?v=tp5MIrMZFqo&t=2s,,,https://www.youtube.com/watch?v=AzmYV8GNAIM&t=11s
5/15/2025,Num 34-35; Pro 4,https://www.youtube.com/watch?v=tp5MIrMZFqo&t=2s,,,https://www.youtube.com/watch?v=AzmYV8GNAIM&t=11s
5/16/2025,Num 36; Deut 1; Pro 5,https://www.youtube.com/watch?v=tp5MIrMZFqo&t=2s,https://www.youtube.com/watch?v=q5QEH9bH8AU&t=2s,,https://www.youtube.com/watch?v=AzmYV8GNAIM&t=11s
5/17/2025,,,,,
5/18/2025,,,,,
5/19/2025,Deut 2; Pro 6,https://www.youtube.com/watch?v=q5QEH9bH8AU&t=2s,,,https://www.youtube.com/watch?v=AzmYV8GNAIM&t=11s
5/20/2025,Deut 3; Pro 7,https://www.youtube.com/watch?v=q5QEH9bH8AU&t=2s,,,https://www.youtube.com/watch?v=AzmYV8GNAIM&t=11s
5/21/2025,Deut 4-5; Pro 8,https://www.youtube.com/watch?v=q5QEH9bH8AU&t=2s,,,https://www.youtube.com/watch?v=AzmYV8GNAIM&t=11s
5/22/2025,Deut 6-7; Pro 9,https://www.youtube.com/watch?v=q5QEH9bH8AU&t=2s,,,https://www.youtube.com/watch?v=AzmYV8GNAIM&t=11s
5/23/2025,Deut 8-9; Pro 10,https://www.youtube.com/watch?v=q5QEH9bH8AU&t=2s,,,https://www.youtube.com/watch?v=AzmYV8GNAIM&t=11s
5/24/2025,,,,,
5/25/2025,,,,,
5/26/2025,Deut 10-11; Pro 11,https://www.youtube.com/watch?v=q5QEH9bH8AU&t=2s,,,https://www.youtube.com/watch?v=AzmYV8GNAIM&t=11s
5/27/2025,Deut 12; Pro 12,https://www.youtube.com/watch?v=q5QEH9bH8AU&t=2s,,,https://www.youtube.com/watch?v=AzmYV8GNAIM&t=11s
5/28/2025,Deut 13-14; Pro 13,https://www.youtube.com/watch?v=q5QEH9bH8AU&t=2s,,,https://www.youtube.com/watch?v=AzmYV8GNAIM&t=11s
5/29/2025,Deut 15-16; Pro 14,https://www.youtube.com/watch?v=q5QEH9bH8AU&t=2s,,,https://www.youtube.com/watch?v=AzmYV8GNAIM&t=11s
5/30/2025,Deut 17-19; Pro 15,https://www.youtube.com/watch?v=q5QEH9bH8AU&t=2s,,,https://www.youtube.com/watch?v=AzmYV8GNAIM&t=11s
5/31/2025,,,,,
6/1/2025,,,,,
6/2/2025,Deut 20-21; Pro 16,https://www.youtube.com/watch?v=q5QEH9bH8AU&t=2s,,,https://www.youtube.com/watch?v=AzmYV8GNAIM&t=11s
6/3/2025,Deut 22; Pro 17,https://www.youtube.com/watch?v=q5QEH9bH8AU&t=2s,,,https://www.youtube.com/watch?v=AzmYV8GNAIM&t=11s
6/4/2025,Deut 23-25; Pro 18,https://www.youtube.com/watch?v=q5QEH9bH8AU&t=2s,,,https://www.youtube.com/watch?v=AzmYV8GNAIM&t=11s
6/5/2025,Deut 26-27; Pro 19,https://www.youtube.com/watch?v=q5QEH9bH8AU&t=2s,,,https://www.youtube.com/watch?v=AzmYV8GNAIM&t=11s
6/6/2025,Deut 28; Pro 20,https://www.youtube.com/watch?v=q5QEH9bH8AU&t=2s,,,https://www.youtube.com/watch?v=AzmYV8GNAIM&t=11s
6/7/2025,,,,,
6/8/2025,,,,,
6/9/2025,Deut 29; Pro 21,https://www.youtube.com/watch?v=q5QEH9bH8AU&t=2s,,,https://www.youtube.com/watch?v=AzmYV8GNAIM&t=11s
6/10/2025,Deut 30-31; Pro 22,https://www.youtube.com/watch?v=q5QEH9bH8AU&t=2s,,,https://www.youtube.com/watch?v=AzmYV8GNAIM&t=11s
6/11/2025,Deut 32; Pro 23,https://www.youtube.com/watch?v=q5QEH9bH8AU&t=2s,,,https://www.youtube.com/watch?v=AzmYV8GNAIM&t=11s
6/12/2025,Deut 33-34; Ps 91; Pro 24,https://www.youtube.com/watch?v=q5QEH9bH8AU&t=2s,https://www.youtube.com/watch?v=j9phNEaPrv8&t=4s,,https://www.youtube.com/watch?v=AzmYV8GNAIM&t=11s
6/13/2025,Josh 1-2; Pro 25,https://www.youtube.com/watch?v=JqOqJlFF_eU&t=2s,,,https://www.youtube.com/watch?v=AzmYV8GNAIM&t=11s
6/14/2025,,,,,
6/15/2025,,,,,
6/16/2025,Josh 3-5; Pro 26,https://www.youtube.com/watch?v=JqOqJlFF_eU&t=2s,,,https://www.youtube.com/watch?v=AzmYV8GNAIM&t=11s
6/17/2025,Josh 6-7; Pro 27,https://www.youtube.com/watch?v=JqOqJlFF_eU&t=2s,,,https://www.youtube.com/watch?v=AzmYV8GNAIM&t=11s
6/18/2025,Josh 8; Pro 28,https://www.youtube.com/watch?v=JqOqJlFF_eU&t=2s,,,https://www.youtube.com/watch?v=AzmYV8GNAIM&t=11s
6/19/2025,Josh 9; Pro 29,https://www.youtube.com/watch?v=JqOqJlFF_eU&t=2s,,,https://www.youtube.com/watch?v=AzmYV8GNAIM&t=11s
6/20/2025,Josh 10-11; Pro 30,https://www.youtube.com/watch?v=JqOqJlFF_eU&t=2s,,,https://www.youtube.com/watch?v=AzmYV8GNAIM&t=11s
6/21/2025,,,,,
6/22/2025,,,,,
6/23/2025,Josh 12-13; Pro 31,https://www.youtube.com/watch?v=JqOqJlFF_eU&t=2s,,,https://www.youtube.com/watch?v=AzmYV8GNAIM&t=11s
6/24/2025,Josh 14-16; Pro 1,https://www.youtube.com/watch?v=JqOqJlFF_eU&t=2s,,,https://www.youtube.com/watch?v=AzmYV8GNAIM&t=11s
6/25/2025,Josh 17-18; Pro 2,https://www.youtube.com/watch?v=JqOqJlFF_eU&t=2s,,,https://www.youtube.com/watch?v=AzmYV8GNAIM&t=11s
6/26/2025,Josh 19-20; Pro 3,https://www.youtube.com/watch?v=JqOqJlFF_eU&t=2s,,,https://www.youtube.com/watch?v=AzmYV8GNAIM&t=11s
6/27/2025,Josh 21-22; Pro 4,https://www.youtube.com/watch?v=JqOqJlFF_eU&t=2s,,,https://www.youtube.com/watch?v=AzmYV8GNAIM&t=11s
6/28/2025,,,,,
6/29/2025,,,,,
6/30/2025,Josh 23; Pro 5,https://www.youtube.com/watch?v=JqOqJlFF_eU&t=2s,,,https://www.youtube.com/watch?v=AzmYV8GNAIM&t=11s
7/1/2025,Josh 24; Jdg 1; Pro 6,https://www.youtube.com/watch?v=JqOqJlFF_eU&t=2s,https://www.youtube.com/watch?v=kOYy8iCfIJ4&t=2s,,https://www.youtube.com/watch?v=AzmYV8GNAIM&t=11s
7/2/2025,Jdg 2-3; Pro 7,https://www.youtube.com/watch?v=kOYy8iCfIJ4&t=2s,,,https://www.youtube.com/watch?v=AzmYV8GNAIM&t=11s
7/3/2025,Jdg 4-5; Pro 8,https://www.youtube.com/watch?v=kOYy8iCfIJ4&t=2s,,,https://www.youtube.com/watch?v=AzmYV8GNAIM&t=11s
7/4/2025,Jdg 6; Pro 9,https://www.youtube.com/watch?v=kOYy8iCfIJ4&t=2s,,,https://www.youtube.com/watch?v=AzmYV8GNAIM&t=11s
7/5/2025,,,,,
7/6/2025,,,,,
7/7/2025,Jdg 7-8; Pro 10,https://www.youtube.com/watch?v=kOYy8iCfIJ4&t=2s,,,https://www.youtube.com/watch?v=AzmYV8GNAIM&t=11s
7/8/2025,Jdg 9; Pro 11,https://www.youtube.com/watch?v=kOYy8iCfIJ4&t=2s,,,https://www.youtube.com/watch?v=AzmYV8GNAIM&t=11s
7/9/2025,Jdg 10; Pro 12,https://www.youtube.com/watch?v=kOYy8iCfIJ4&t=2s,,,https://www.youtube.com/watch?v=AzmYV8GNAIM&t=11s
7/10/2025,Jdg 11-12; Pro 13,https://www.youtube.com/watch?v=kOYy8iCfIJ4&t=2s,,,https://www.youtube.com/watch?v=AzmYV8GNAIM&t=11s
7/11/2025,Jdg 13-14; Pro 14,https://www.youtube.com/watch?v=kOYy8iCfIJ4&t=2s,,,https://www.youtube.com/watch?v=AzmYV8GNAIM&t=11s
7/12/2025,,,,,
7/13/2025,,,,,
7/14/2025,Jdg 15-16; Pro 15,https://www.youtube.com/watch?v=kOYy8iCfIJ4&t=2s,,,https://www.youtube.com/watch?v=AzmYV8GNAIM&t=11s
7/15/2025,Jdg 17-18; Pro 16,https://www.youtube.com/watch?v=kOYy8iCfIJ4&t=2s,,,https://www.youtube.com/watch?v=AzmYV8GNAIM&t=11s
7/16/2025,Jdg 19; Pro 17,https://www.youtube.com/watch?v=kOYy8iCfIJ4&t=2s,,,https://www.youtube.com/watch?v=AzmYV8GNAIM&t=11s
7/17/2025,Jdg 20-21; Pro 18,https://www.youtube.com/watch?v=kOYy8iCfIJ4&t=2s,,,https://www.youtube.com/watch?v=AzmYV8GNAIM&t=11s
7/18/2025,Rut 1-2; Pro 19,https://www.youtube.com/watch?v=0h1eoBeR4Jk&t=2s,,,https://www.youtube.com/watch?v=AzmYV8GNAIM&t=11s
7/19/2025,,,,,
7/20/2025,,,,,
7/21/2025,Rut 3-4; Pro 20,https://www.youtube.com/watch?v=0h1eoBeR4Jk&t=2s,,,https://www.youtube.com/watch?v=AzmYV8GNAIM&t=11s
7/22/2025,1 Sa 1-2; Pro 21,https://www.youtube.com/watch?v=QJOju5Dw0V0&t=3s,,,https://www.youtube.com/watch?v=AzmYV8GNAIM&t=11s
7/23/2025,1 Sa 3-4; Pro 22,https://www.youtube.com/watch?v=QJOju5Dw0V0&t=3s,,,https://www.youtube.com/watch?v=AzmYV8GNAIM&t=11s
7/24/2025,1 Sa 5-7; Pro 23,https://www.youtube.com/watch?v=QJOju5Dw0V0&t=3s,,,https://www.youtube.com/watch?v=AzmYV8GNAIM&t=11s
7/25/2025,1 Sa 8-9; Pro 24,https://www.youtube.com/watch?v=QJOju5Dw0V0&t=3s,,,https://www.youtube.com/watch?v=AzmYV8GNAIM&t=11s
7/26/2025,,,,,
7/27/2025,,,,,
7/28/2025,1 Sa 10-11; Pro 25,https://www.youtube.com/watch?v=QJOju5Dw0V0&t=3s,,,https://www.youtube.com/watch?v=AzmYV8GNAIM&t=11s
7/29/2025,1 Sa 12-13; Pro 26,https://www.youtube.com/watch?v=QJOju5Dw0V0&t=3s,,,https://www.youtube.com/watch?v=AzmYV8GNAIM&t=11s
7/30/2025,1 Sa 14; Pro 27,https://www.youtube.com/watch?v=QJOju5Dw0V0&t=3s,,,https://www.youtube.com/watch?v=AzmYV8GNAIM&t=11s
7/31/2025,1 Sa 15-16; Pro 28,https://www.youtube.com/watch?v=QJOju5Dw0V0&t=3s,,,https://www.youtube.com/watch?v=AzmYV8GNAIM&t=11s
8/1/2025,1 Sa 17; Pro 29,https://www.youtube.com/watch?v=QJOju5Dw0V0&t=3s,,,https://www.youtube.com/watch?v=AzmYV8GNAIM&t=11s
8/2/2025,,,,,
8/3/2025,,,,,
8/4/2025,1 Sa 18; Pro 30,https://www.youtube.com/watch?v=QJOju5Dw0V0&t=3s,,,https://www.youtube.com/watch?v=AzmYV8GNAIM&t=11s
8/5/2025,1 Sa 19-20; Pro 31,https://www.youtube.com/watch?v=QJOju5Dw0V0&t=3s,,,https://www.youtube.com/watch?v=AzmYV8GNAIM&t=11s
8/6/2025,"1 Sa 21; Ps 11, 59; Pro 1",https://www.youtube.com/watch?v=QJOju5Dw0V0&t=3s,https://www.youtube.com/watch?v=j9phNEaPrv8&t=4s,,https://www.youtube.com/watch?v=AzmYV8GNAIM&t=11s
8/7/2025,1 Sa 22-23; Pro 2,https://www.youtube.com/watch?v=QJOju5Dw0V0&t=3s,,,https://www.youtube.com/watch?v=AzmYV8GNAIM&t=11s
8/8/2025,"1 Sa 24; Ps 7, 27, 31; Pro 3",https://www.youtube.com/watch?v=QJOju5Dw0V0&t=3s,https://www.youtube.com/watch?v=j9phNEaPrv8&t=4s,,https://www.youtube.com/watch?v=AzmYV8GNAIM&t=11s
8/9/2025,,,,,
8/10/2025,,,,,
8/11/2025,"Ps 34, 52, 56, 120, 140-141; Pro 4",https://www.youtube.com/watch?v=j9phNEaPrv8&t=4s,,,https://www.youtube.com/watch?v=AzmYV8GNAIM&t=11s
8/12/2025,Ps 142; 1 Sa 25; Pro 5,https://www.youtube.com/watch?v=j9phNEaPrv8&t=4s,,,https://www.youtube.com/watch?v=AzmYV8GNAIM&t=11s
8/13/2025,1 Sa 26-27; Pro 6,https://www.youtube.com/watch?v=QJOju5Dw0V0&t=3s,,,https://www.youtube.com/watch?v=AzmYV8GNAIM&t=11s
8/14/2025,"Ps 17, 35, 54, 63; Pro 7",https://www.youtube.com/watch?v=j9phNEaPrv8&t=4s,,,https://www.youtube.com/watch?v=AzmYV8GNAIM&t=11s
8/15/2025,1 Sa 28-30; Pro 8,https://www.youtube.com/watch?v=QJOju5Dw0V0&t=3s,,,https://www.youtube.com/watch?v=AzmYV8GNAIM&t=11s
8/16/2025,,,,,
8/17/2025,,,,,
8/18/2025,1 Sa 31; Ps 18; Pro 9,https://www.youtube.com/watch?v=QJOju5Dw0V0&t=3s,https://www.youtube.com/watch?v=j9phNEaPrv8&t=4s,,https://www.youtube.com/watch?v=AzmYV8GNAIM&t=11s
8/19/2025,"Ps 121, 123-125, 128-130; 2 Sa 1; Pro 10",https://www.youtube.com/watch?v=j9phNEaPrv8&t=4s,https://www.youtube.com/watch?v=YvoWDXNDJgs&t=2s,,https://www.youtube.com/watch?v=AzmYV8GNAIM&t=11s
8/20/2025,2 Sa 2; Pro 11,https://www.youtube.com/watch?v=YvoWDXNDJgs&t=2s,,,https://www.youtube.com/watch?v=AzmYV8GNAIM&t=11s
8/21/2025,"2 Sa 3-4; Ps 6, 8; Pro 12",https://www.youtube.com/watch?v=YvoWDXNDJgs&t=2s,https://www.youtube.com/watch?v=j9phNEaPrv8&t=4s,,https://www.youtube.com/watch?v=AzmYV8GNAIM&t=11s
8/22/2025,"Ps 9-10, 14, 16, 19; Pro 13",https://www.youtube.com/watch?v=j9phNEaPrv8&t=4s,,,https://www.youtube.com/watch?v=AzmYV8GNAIM&t=11s
8/23/2025,,,,,
8/24/2025,,,,,
8/25/2025,Ps 21; 1 Chr 1-2; Pro 14,https://www.youtube.com/watch?v=j9phNEaPrv8&t=4s,https://www.youtube.com/watch?v=HR7xaHv3Ias&t=4s,,https://www.youtube.com/watch?v=AzmYV8GNAIM&t=11s
8/26/2025,"Ps 43-45, 49; Pro 15",https://www.youtube.com/watch?v=j9phNEaPrv8&t=4s,,,https://www.youtube.com/watch?v=AzmYV8GNAIM&t=11s
8/27/2025,"Ps 84-85, 87; 1 Chr 3-4; Pro 16",https://www.youtube.com/watch?v=j9phNEaPrv8&t=4s,https://www.youtube.com/watch?v=HR7xaHv3Ias&t=4s,,https://www.youtube.com/watch?v=AzmYV8GNAIM&t=11s
8/28/2025,1 Chr 5; Ps 73; Pro 17,https://www.youtube.com/watch?v=HR7xaHv3Ias&t=4s,https://www.youtube.com/watch?v=j9phNEaPrv8&t=4s,,https://www.youtube.com/watch?v=AzmYV8GNAIM&t=11s
8/29/2025,Ps 77-78; Pro 18,https://www.youtube.com/watch?v=j9phNEaPrv8&t=4s,,,https://www.youtube.com/watch?v=AzmYV8GNAIM&t=11s
8/30/2025,,,,,
8/31/2025,,,,,
9/1/2025,1 Chr 6; Pro 19,https://www.youtube.com/watch?v=HR7xaHv3Ias&t=4s,,,https://www.youtube.com/watch?v=AzmYV8GNAIM&t=11s
9/2/2025,"Ps 81, 88, 92-93; 1 Chr 7; Pro 20",https://www.youtube.com/watch?v=j9phNEaPrv8&t=4s,https://www.youtube.com/watch?v=HR7xaHv3Ias&t=4s,,https://www.youtube.com/watch?v=AzmYV8GNAIM&t=11s
9/3/2025,1 Chr 8-9; Pro 21,https://www.youtube.com/watch?v=HR7xaHv3Ias&t=4s,,,https://www.youtube.com/watch?v=AzmYV8GNAIM&t=11s
9/4/2025,1 Chr 10; Ps 102-103; Pro 22,https://www.youtube.com/watch?v=HR7xaHv3Ias&t=4s,https://www.youtube.com/watch?v=j9phNEaPrv8&t=4s,,https://www.youtube.com/watch?v=AzmYV8GNAIM&t=11s
9/5/2025,Ps 104; 2 Sa 5; Pro 23,https://www.youtube.com/watch?v=j9phNEaPrv8&t=4s,https://www.youtube.com/watch?v=QJOju5Dw0V0&t=3s,,https://www.youtube.com/watch?v=AzmYV8GNAIM&t=11s
9/6/2025,,,,,
9/7/2025,,,,,
9/8/2025,1 Chr 11-12; Pro 24,https://www.youtube.com/watch?v=HR7xaHv3Ias&t=4s,,,https://www.youtube.com/watch?v=AzmYV8GNAIM&t=11s
9/9/2025,"Ps 133, 106-107; Pro 25",https://www.youtube.com/watch?v=j9phNEaPrv8&t=4s,,,https://www.youtube.com/watch?v=AzmYV8GNAIM&t=11s
9/10/2025,1 Chr 13-15; Pro 26,https://www.youtube.com/watch?v=HR7xaHv3Ias&t=4s,,,https://www.youtube.com/watch?v=AzmYV8GNAIM&t=11s
9/11/2025,"1 Chr 16; Ps 1-2, 15; Pro 27",https://www.youtube.com/watch?v=HR7xaHv3Ias&t=4s,https://www.youtube.com/watch?v=j9phNEaPrv8&t=4s,,https://www.youtube.com/watch?v=AzmYV8GNAIM&t=11s
9/12/2025,"Ps 22-24, 47, 68; Pro 28",https://www.youtube.com/watch?v=j9phNEaPrv8&t=4s,,,https://www.youtube.com/watch?v=AzmYV8GNAIM&t=11s
9/13/2025,,,,,
9/14/2025,,,,,
9/15/2025,"Ps 89, 96, 100-101; Pro 29",https://www.youtube.com/watch?v=j9phNEaPrv8&t=4s,,,https://www.youtube.com/watch?v=AzmYV8GNAIM&t=11s
9/16/2025,"Ps 105, 132; 2 Sa 6; Pro 30",https://www.youtube.com/watch?v=j9phNEaPrv8&t=4s,https://www.youtube.com/watch?v=YvoWDXNDJgs&t=2s,,https://www.youtube.com/watch?v=AzmYV8GNAIM&t=11s
9/17/2025,2 Sa 7; 1 Chr 17; Pro 31,https://www.youtube.com/watch?v=YvoWDXNDJgs&t=2s,https://www.youtube.com/watch?v=HR7xaHv3Ias&t=4s,,https://www.youtube.com/watch?v=AzmYV8GNAIM&t=11s
9/18/2025,"Ps 25, 29, 33, 36; Pro 1",https://www.youtube.com/watch?v=j9phNEaPrv8&t=4s,,,https://www.youtube.com/watch?v=AzmYV8GNAIM&t=11s
9/19/2025,Ps 39; 2 Sa 8-9; 1 Chr 18; Pro 2,https://www.youtube.com/watch?v=j9phNEaPrv8&t=4s,https://www.youtube.com/watch?v=YvoWDXNDJgs&t=2s,https://www.youtube.com/watch?v=HR7xaHv3Ias&t=4s,https://www.youtube.com/watch?v=AzmYV8GNAIM&t=11s
9/20/2025,,,,,
9/21/2025,,,,,
9/22/2025,"Ps 50, 53, 60, 75; 2 Sa 10; Pro 3",https://www.youtube.com/watch?v=j9phNEaPrv8&t=4s,https://www.youtube.com/watch?v=YvoWDXNDJgs&t=2s,,https://www.youtube.com/watch?v=AzmYV8GNAIM&t=11s
9/23/2025,"1 Chr 19; Ps 20, 65-66; Pro 4",https://www.youtube.com/watch?v=HR7xaHv3Ias&t=4s,https://www.youtube.com/watch?v=j9phNEaPrv8&t=4s,,https://www.youtube.com/watch?v=AzmYV8GNAIM&t=11s
9/24/2025,"Ps 67, 69-70; 2 Sa 11; Pro 5",https://www.youtube.com/watch?v=j9phNEaPrv8&t=4s,https://www.youtube.com/watch?v=YvoWDXNDJgs&t=2s,,https://www.youtube.com/watch?v=AzmYV8GNAIM&t=11s
9/25/2025,2 Sa 12; 1 Chr 20; Pro 6,https://www.youtube.com/watch?v=YvoWDXNDJgs&t=2s,https://www.youtube.com/watch?v=HR7xaHv3Ias&t=4s,,https://www.youtube.com/watch?v=AzmYV8GNAIM&t=11s
9/26/2025,"Ps 32, 51, 86, 122; Pro 7",https://www.youtube.com/watch?v=j9phNEaPrv8&t=4s,,,https://www.youtube.com/watch?v=AzmYV8GNAIM&t=11s
9/27/2025,,,,,
9/28/2025,,,,,
9/29/2025,2 Sa 13-14; Pro 8,https://www.youtube.com/watch?v=YvoWDXNDJgs&t=2s,,,https://www.youtube.com/watch?v=AzmYV8GNAIM&t=11s
9/30/2025,2 Sa 15; Ps 3; Pro 9,https://www.youtube.com/watch?v=YvoWDXNDJgs&t=2s,https://www.youtube.com/watch?v=j9phNEaPrv8&t=4s,,https://www.youtube.com/watch?v=AzmYV8GNAIM&t=11s
10/1/2025,"Ps 4, 12-13, 28, 55; Pro 10",https://www.youtube.com/watch?v=j9phNEaPrv8&t=4s,,,https://www.youtube.com/watch?v=AzmYV8GNAIM&t=11s
10/2/2025,2 Sa 16-17; Pro 11,https://www.youtube.com/watch?v=YvoWDXNDJgs&t=2s,,,https://www.youtube.com/watch?v=AzmYV8GNAIM&t=11s
10/3/2025,"2 Sa 18; Ps 26, 40; Pro 12",https://www.youtube.com/watch?v=YvoWDXNDJgs&t=2s,https://www.youtube.com/watch?v=j9phNEaPrv8&t=4s,,https://www.youtube.com/watch?v=AzmYV8GNAIM&t=11s
10/4/2025,,,,,
10/5/2025,,,,,
10/6/2025,"Ps 58, 61-62, 64; Pro 13",https://www.youtube.com/watch?v=j9phNEaPrv8&t=4s,,,https://www.youtube.com/watch?v=AzmYV8GNAIM&t=11s
10/7/2025,2 Sa 19-20; Pro 14,https://www.youtube.com/watch?v=YvoWDXNDJgs&t=2s,,,https://www.youtube.com/watch?v=AzmYV8GNAIM&t=11s
10/8/2025,"2 Sa 21; Ps 5, 38; Pro 15",https://www.youtube.com/watch?v=YvoWDXNDJgs&t=2s,https://www.youtube.com/watch?v=j9phNEaPrv8&t=4s,,https://www.youtube.com/watch?v=AzmYV8GNAIM&t=11s
10/9/2025,Ps 41-42; 2 Sa 22; Pro 16,https://www.youtube.com/watch?v=j9phNEaPrv8&t=4s,https://www.youtube.com/watch?v=YvoWDXNDJgs&t=2s,,https://www.youtube.com/watch?v=AzmYV8GNAIM&t=11s
10/10/2025,"2 Sa 23; Ps 57, 95; Pro 17",https://www.youtube.com/watch?v=YvoWDXNDJgs&t=2s,https://www.youtube.com/watch?v=j9phNEaPrv8&t=4s,,https://www.youtube.com/watch?v=AzmYV8GNAIM&t=11s
10/11/2025,,,,,
10/12/2025,,,,,
10/13/2025,Ps 97-99; 2 Sa 24; Pro 18,https://www.youtube.com/watch?v=j9phNEaPrv8&t=4s,https://www.youtube.com/watch?v=YvoWDXNDJgs&t=2s,,https://www.youtube.com/watch?v=AzmYV8GNAIM&t=11s
10/14/2025,1 Chr 21-22; Ps 30; Pro 19,https://www.youtube.com/watch?v=HR7xaHv3Ias&t=4s,https://www.youtube.com/watch?v=j9phNEaPrv8&t=4s,,https://www.youtube.com/watch?v=AzmYV8GNAIM&t=11s
10/15/2025,Ps 108-110; 1 Chr 23; Pro 20,https://www.youtube.com/watch?v=j9phNEaPrv8&t=4s,https://www.youtube.com/watch?v=HR7xaHv3Ias&t=4s,,https://www.youtube.com/watch?v=AzmYV8GNAIM&t=11s
10/16/2025,"1 Chr 24-25; Ps 131, 138; Pro 21",https://www.youtube.com/watch?v=HR7xaHv3Ias&t=4s,https://www.youtube.com/watch?v=j9phNEaPrv8&t=4s,,https://www.youtube.com/watch?v=AzmYV8GNAIM&t=11s
10/17/2025,"Ps 139, 143-145; Pro 22",https://www.youtube.com/watch?v=j9phNEaPrv8&t=4s,,,https://www.youtube.com/watch?v=AzmYV8GNAIM&t=11s
10/18/2025,,,,,
10/19/2025,,,,,
10/20/2025,1 Chr 26-27; Pro 23,https://www.youtube.com/watch?v=HR7xaHv3Ias&t=4s,,,https://www.youtube.com/watch?v=AzmYV8GNAIM&t=11s
10/21/2025,1 Chr 28-29; Pro 24,https://www.youtube.com/watch?v=HR7xaHv3Ias&t=4s,,,https://www.youtube.com/watch?v=AzmYV8GNAIM&t=11s
10/22/2025,"Ps 127, 111-117; Pro 25",https://www.youtube.com/watch?v=j9phNEaPrv8&t=4s,,,https://www.youtube.com/watch?v=AzmYV8GNAIM&t=11s
10/23/2025,Ps 118; 1 Kgs 1; Pro 26,https://www.youtube.com/watch?v=j9phNEaPrv8&t=4s,https://www.youtube.com/watch?v=bVFW3wbi9pk&t=4s,,https://www.youtube.com/watch?v=AzmYV8GNAIM&t=11s
10/24/2025,1 Kgs 2; Pro 27,https://www.youtube.com/watch?v=bVFW3wbi9pk&t=4s,,,https://www.youtube.com/watch?v=AzmYV8GNAIM&t=11s
10/25/2025,,,,,
10/26/2025,,,,,
10/27/2025,"Ps 37, 71; Pro 28",https://www.youtube.com/watch?v=j9phNEaPrv8&t=4s,,,https://www.youtube.com/watch?v=AzmYV8GNAIM&t=11s
10/28/2025,Ps 94; Pro 29,https://www.youtube.com/watch?v=j9phNEaPrv8&t=4s,,,https://www.youtube.com/watch?v=AzmYV8GNAIM&t=11s
10/29/2025,Ps 119; Pro 30,https://www.youtube.com/watch?v=j9phNEaPrv8&t=4s,,,https://www.youtube.com/watch?v=AzmYV8GNAIM&t=11s
10/30/2025,1 Kgs 3-4; Pro 31,https://www.youtube.com/watch?v=bVFW3wbi9pk&t=4s,,,https://www.youtube.com/watch?v=AzmYV8GNAIM&t=11s
10/31/2025,2 Chr 1; Ps 72; Sos 1-2; Pro 1,https://www.youtube.com/watch?v=HR7xaHv3Ias&t=4s,https://www.youtube.com/watch?v=j9phNEaPrv8&t=4s,https://www.youtube.com/watch?v=4KC7xE4fgOw&t=2s,https://www.youtube.com/watch?v=AzmYV8GNAIM&t=11s
11/1/2025,,,,,
11/2/2025,,,,,
11/3/2025,Sos 3-7; Pro 2,https://www.youtube.com/watch?v=4KC7xE4fgOw&t=2s,,,https://www.youtube.com/watch?v=AzmYV8GNAIM&t=11s
11/4/2025,Sos 8; 1 Kgs 5; Pro 3,https://www.youtube.com/watch?v=4KC7xE4fgOw&t=2s,https://www.youtube.com/watch?v=bVFW3wbi9pk&t=4s,,https://www.youtube.com/watch?v=AzmYV8GNAIM&t=11s
11/5/2025,1 Kgs 6; 2 Chr 2-3; Pro 4,https://www.youtube.com/watch?v=bVFW3wbi9pk&t=4s,https://www.youtube.com/watch?v=HR7xaHv3Ias&t=4s,,https://www.youtube.com/watch?v=AzmYV8GNAIM&t=11s
11/6/2025,1 Kgs 7; Pro 5,https://www.youtube.com/watch?v=bVFW3wbi9pk&t=4s,,,https://www.youtube.com/watch?v=AzmYV8GNAIM&t=11s
11/7/2025,2 Chr 4; Pro 6,https://www.youtube.com/watch?v=HR7xaHv3Ias&t=4s,,,https://www.youtube.com/watch?v=AzmYV8GNAIM&t=11s
11/8/2025,,,,,
11/9/2025,,,,,
11/10/2025,1 Kgs 8; Pro 7,https://www.youtube.com/watch?v=bVFW3wbi9pk&t=4s,,,https://www.youtube.com/watch?v=AzmYV8GNAIM&t=11s
11/11/2025,2 Chr 5-6; Pro 8,https://www.youtube.com/watch?v=HR7xaHv3Ias&t=4s,,,https://www.youtube.com/watch?v=AzmYV8GNAIM&t=11s
11/12/2025,2 Chr 7; Ps 136; Pro 9,https://www.youtube.com/watch?v=HR7xaHv3Ias&t=4s,https://www.youtube.com/watch?v=j9phNEaPrv8&t=4s,,https://www.youtube.com/watch?v=AzmYV8GNAIM&t=11s
11/13/2025,"Ps 134, 146-150; 1 Kgs 9; Pro 10",https://www.youtube.com/watch?v=j9phNEaPrv8&t=4s,https://www.youtube.com/watch?v=bVFW3wbi9pk&t=4s,,https://www.youtube.com/watch?v=AzmYV8GNAIM&t=11s
11/14/2025,2 Chr 8; Ecc 1; Pro 11,https://www.youtube.com/watch?v=HR7xaHv3Ias&t=4s,https://www.youtube.com/watch?v=lrsQ1tc-2wk&t=2s,,https://www.youtube.com/watch?v=AzmYV8GNAIM&t=11s
11/15/2025,,,,,
11/16/2025,,,,,
11/17/2025,Ecc 2-4; Pro 12,https://www.youtube.com/watch?v=lrsQ1tc-2wk&t=2s,,,https://www.youtube.com/watch?v=AzmYV8GNAIM&t=11s
11/18/2025,Ecc 5-7; Pro 13,https://www.youtube.com/watch?v=lrsQ1tc-2wk&t=2s,,,https://www.youtube.com/watch?v=AzmYV8GNAIM&t=11s
11/19/2025,Ecc 8-10; Pro 14,https://www.youtube.com/watch?v=lrsQ1tc-2wk&t=2s,,,https://www.youtube.com/watch?v=AzmYV8GNAIM&t=11s
11/20/2025,Ecc 11-12; 1 Kgs 10; Pro 15,https://www.youtube.com/watch?v=lrsQ1tc-2wk&t=2s,https://www.youtube.com/watch?v=bVFW3wbi9pk&t=4s,,https://www.youtube.com/watch?v=AzmYV8GNAIM&t=11s
11/21/2025,1 Kgs 11; Pro 16,https://www.youtube.com/watch?v=bVFW3wbi9pk&t=4s,,,https://www.youtube.com/watch?v=AzmYV8GNAIM&t=11s
11/22/2025,,,,,
11/23/2025,,,,,
11/24/2025,2 Chr 9; 1 Kgs 12; Pro 17,https://www.youtube.com/watch?v=HR7xaHv3Ias&t=4s,https://www.youtube.com/watch?v=bVFW3wbi9pk&t=4s,,https://www.youtube.com/watch?v=AzmYV8GNAIM&t=11s
11/25/2025,1 Kgs 13; Pro 18,https://www.youtube.com/watch?v=bVFW3wbi9pk&t=4s,,,https://www.youtube.com/watch?v=AzmYV8GNAIM&t=11s
11/26/2025,1 Kgs 14; 2 Chr 10; Pro 19,https://www.youtube.com/watch?v=bVFW3wbi9pk&t=4s,https://www.youtube.com/watch?v=HR7xaHv3Ias&t=4s,,https://www.youtube.com/watch?v=AzmYV8GNAIM&t=11s
11/27/2025,2 Chr 11-12; 1 Kgs 15; Pro 20,https://www.youtube.com/watch?v=HR7xaHv3Ias&t=4s,https://www.youtube.com/watch?v=bVFW3wbi9pk&t=4s,,https://www.youtube.com/watch?v=AzmYV8GNAIM&t=11s
11/28/2025,2 Chr 13-14; Pro 21,https://www.youtube.com/watch?v=HR7xaHv3Ias&t=4s,,,https://www.youtube.com/watch?v=AzmYV8GNAIM&t=11s
11/29/2025,,,,,
11/30/2025,,,,,
12/1/2025,2 Chr 15-16; Pro 22,https://www.youtube.com/watch?v=HR7xaHv3Ias&t=4s,,,https://www.youtube.com/watch?v=AzmYV8GNAIM&t=11s
12/2/2025,1 Kgs 16; 2 Chr 17; 1 Kgs 17; Pro 23,https://www.youtube.com/watch?v=bVFW3wbi9pk&t=4s,https://www.youtube.com/watch?v=HR7xaHv3Ias&t=4s,,https://www.youtube.com/watch?v=AzmYV8GNAIM&t=11s
12/3/2025,1 Kgs 18; Pro 24,https://www.youtube.com/watch?v=bVFW3wbi9pk&t=4s,,,https://www.youtube.com/watch?v=AzmYV8GNAIM&t=11s
12/4/2025,1 Kgs 19-20; Pro 25,https://www.youtube.com/watch?v=bVFW3wbi9pk&t=4s,,,https://www.youtube.com/watch?v=AzmYV8GNAIM&t=11s
12/5/2025,1 Kgs 21; Pro 26,https://www.youtube.com/watch?v=bVFW3wbi9pk&t=4s,,,https://www.youtube.com/watch?v=AzmYV8GNAIM&t=11s
12/6/2025,,,,,
12/7/2025,,,,,
12/8/2025,1 Kgs 22; Pro 27,https://www.youtube.com/watch?v=bVFW3wbi9pk&t=4s,,,https://www.youtube.com/watch?v=AzmYV8GNAIM&t=11s
12/9/2025,2 Chr 18-19; Pro 28,https://www.youtube.com/watch?v=HR7xaHv3Ias&t=4s,,,https://www.youtube.com/watch?v=AzmYV8GNAIM&t=11s
12/10/2025,2 Chr 20-21; Pro 29,https://www.youtube.com/watch?v=HR7xaHv3Ias&t=4s,,,https://www.youtube.com/watch?v=AzmYV8GNAIM&t=11s
12/11/2025,2 Chr 22-23; Pro 30,https://www.youtube.com/watch?v=HR7xaHv3Ias&t=4s,,,https://www.youtube.com/watch?v=AzmYV8GNAIM&t=11s
12/12/2025,Oba; Ps 82-83; 2 Kgs 1; Pro 31,https://www.youtube.com/watch?v=i4ogCrEoG5s&t=2s,https://www.youtube.com/watch?v=j9phNEaPrv8&t=4s,https://www.youtube.com/watch?v=bVFW3wbi9pk&t=4s,https://www.youtube.com/watch?v=AzmYV8GNAIM&t=11s
12/13/2025,,,,,
12/14/2025,,,,,
12/15/2025,2 Kgs 2-3; Pro 1,https://www.youtube.com/watch?v=bVFW3wbi9pk&t=4s,,,https://www.youtube.com/watch?v=AzmYV8GNAIM&t=11s
12/16/2025,2 Kgs 4; Pro 2,https://www.youtube.com/watch?v=bVFW3wbi9pk&t=4s,,,https://www.youtube.com/watch?v=AzmYV8GNAIM&t=11s
12/17/2025,2 Kgs 5; Pro 3,https://www.youtube.com/watch?v=bVFW3wbi9pk&t=4s,,,https://www.youtube.com/watch?v=AzmYV8GNAIM&t=11s
12/18/2025,2 Kgs 6-7; Pro 4,https://www.youtube.com/watch?v=bVFW3wbi9pk&t=4s,,,https://www.youtube.com/watch?v=AzmYV8GNAIM&t=11s
12/19/2025,2 Kgs 8; Pro 5,https://www.youtube.com/watch?v=bVFW3wbi9pk&t=4s,,,https://www.youtube.com/watch?v=AzmYV8GNAIM&t=11s
12/20/2025,,,,,
12/21/2025,,,,,
12/22/2025,2 Kgs 9-10; Pro 6,https://www.youtube.com/watch?v=bVFW3wbi9pk&t=4s,,,https://www.youtube.com/watch?v=AzmYV8GNAIM&t=11s
12/23/2025,2 Kgs 11-12; Pro 7,https://www.youtube.com/watch?v=bVFW3wbi9pk&t=4s,,,https://www.youtube.com/watch?v=AzmYV8GNAIM&t=11s
12/24/2025,2 Kgs 13; Pro 8,https://www.youtube.com/watch?v=bVFW3wbi9pk&t=4s,,,https://www.youtube.com/watch?v=AzmYV8GNAIM&t=11s
12/25/2025,2 Chr 24; 2 Kgs 14; Pro 9,https://www.youtube.com/watch?v=HR7xaHv3Ias&t=4s,https://www.youtube.com/watch?v=bVFW3wbi9pk&t=4s,,https://www.youtube.com/watch?v=AzmYV8GNAIM&t=11s
12/26/2025,2 Chr 25; Jon 1; Pro 10,https://www.youtube.com/watch?v=HR7xaHv3Ias&t=4s,https://www.youtube.com/watch?v=dLIabZc0O4c&t=14s,,https://www.youtube.com/watch?v=AzmYV8GNAIM&t=11s
12/27/2025,,,,,
12/28/2025,,,,,
12/29/2025,Jon 2-4; 2 Kgs 15; Pro 11,https://www.youtube.com/watch?v=dLIabZc0O4c&t=14s,https://www.youtube.com/watch?v=bVFW3wbi9pk&t=4s,,https://www.youtube.com/watch?v=AzmYV8GNAIM&t=11s
12/30/2025,2 Chr 26; Pro 12,https://www.youtube.com/watch?v=HR7xaHv3Ias&t=4s,,,https://www.youtube.com/watch?v=AzmYV8GNAIM&t=11s
12/31/2025,Isa 1-3; Pro 13,https://www.youtube.com/watch?v=d0A6Uchb1F8,,,https://www.youtube.com/watch?v=AzmYV8GNAIM&t=11s
1/1/2026,Isa 4-6; Pro 14,https://www.youtube.com/watch?v=d0A6Uchb1F8,,,https://www.youtube.com/watch?v=AzmYV8GNAIM&t=11s
1/2/2026,Isa 7-8; Amo 1; Pro 15,https://www.youtube.com/watch?v=d0A6Uchb1F8,https://www.youtube.com/watch?v=mGgWaPGpGz4&t=2s,,https://www.youtube.com/watch?v=AzmYV8GNAIM&t=11s
1/3/2026,,,,,
1/4/2026,,,,,
1/5/2026,Amo 2-4; Pro 16,https://www.youtube.com/watch?v=mGgWaPGpGz4&t=2s,,,https://www.youtube.com/watch?v=AzmYV8GNAIM&t=11s
1/6/2026,Amo 5-7; Pro 17,https://www.youtube.com/watch?v=mGgWaPGpGz4&t=2s,,,https://www.youtube.com/watch?v=AzmYV8GNAIM&t=11s
1/7/2026,Amo 8-9; 2 Chr 27; Isa 9; Pro 18,https://www.youtube.com/watch?v=mGgWaPGpGz4&t=2s,https://www.youtube.com/watch?v=HR7xaHv3Ias&t=4s,,https://www.youtube.com/watch?v=AzmYV8GNAIM&t=11s
1/8/2026,Isa 10-11; Pro 19,https://www.youtube.com/watch?v=d0A6Uchb1F8,,,https://www.youtube.com/watch?v=AzmYV8GNAIM&t=11s
1/9/2026,Isa 12; Mic 1-3; Pro 20,https://www.youtube.com/watch?v=d0A6Uchb1F8,https://www.youtube.com/watch?v=MFEUEcylwLc&t=1s,,https://www.youtube.com/watch?v=AzmYV8GNAIM&t=11s
1/10/2026,,,,,
1/11/2026,,,,,
1/12/2026,Mic 4-6; Pro 21,https://www.youtube.com/watch?v=MFEUEcylwLc&t=1s,,,https://www.youtube.com/watch?v=AzmYV8GNAIM&t=11s
1/13/2026,Mic 7; 2 Chr 28; Pro 22,https://www.youtube.com/watch?v=MFEUEcylwLc&t=1s,https://www.youtube.com/watch?v=HR7xaHv3Ias&t=4s,,https://www.youtube.com/watch?v=AzmYV8GNAIM&t=11s
1/14/2026,2 Kgs 16-17; Pro 23,https://www.youtube.com/watch?v=bVFW3wbi9pk&t=4s,,,https://www.youtube.com/watch?v=AzmYV8GNAIM&t=11s
1/15/2026,Isa 13-14; Pro 24,https://www.youtube.com/watch?v=d0A6Uchb1F8,,,https://www.youtube.com/watch?v=AzmYV8GNAIM&t=11s
1/16/2026,Isa 15-18; Pro 25,https://www.youtube.com/watch?v=d0A6Uchb1F8,,,https://www.youtube.com/watch?v=AzmYV8GNAIM&t=11s
1/17/2026,,,,,
1/18/2026,,,,,
1/19/2026,Isa 19-21; Pro 26,https://www.youtube.com/watch?v=d0A6Uchb1F8,,,https://www.youtube.com/watch?v=AzmYV8GNAIM&t=11s
1/20/2026,Isa 22-24; Pro 27,https://www.youtube.com/watch?v=d0A6Uchb1F8,,,https://www.youtube.com/watch?v=AzmYV8GNAIM&t=11s
1/21/2026,Isa 25-27; Pro 28,https://www.youtube.com/watch?v=d0A6Uchb1F8,,,https://www.youtube.com/watch?v=AzmYV8GNAIM&t=11s
1/22/2026,2 Kgs 18; Pro 29,https://www.youtube.com/watch?v=bVFW3wbi9pk&t=4s,,,https://www.youtube.com/watch?v=AzmYV8GNAIM&t=11s
1/23/2026,2 Chr 29-30; Pro 30,https://www.youtube.com/watch?v=HR7xaHv3Ias&t=4s,,,https://www.youtube.com/watch?v=AzmYV8GNAIM&t=11s
1/24/2026,,,,,
1/25/2026,,,,,
1/26/2026,2 Chr 31; Ps 48; Hos 1; Pro 31,https://www.youtube.com/watch?v=HR7xaHv3Ias&t=4s,https://www.youtube.com/watch?v=j9phNEaPrv8&t=4s,https://www.youtube.com/watch?v=kE6SZ1ogOVU&t=4s,https://www.youtube.com/watch?v=AzmYV8GNAIM&t=11s
1/27/2026,Hos 2-4; Pro 1,https://www.youtube.com/watch?v=kE6SZ1ogOVU&t=4s,,,https://www.youtube.com/watch?v=AzmYV8GNAIM&t=11s
1/28/2026,Hos 5-8; Pro 2,https://www.youtube.com/watch?v=kE6SZ1ogOVU&t=4s,,,https://www.youtube.com/watch?v=AzmYV8GNAIM&t=11s
1/29/2026,Hos 9-12; Pro 3,https://www.youtube.com/watch?v=kE6SZ1ogOVU&t=4s,,,https://www.youtube.com/watch?v=AzmYV8GNAIM&t=11s
1/30/2026,Hos 13-14; Isa 28; Pro 4,https://www.youtube.com/watch?v=kE6SZ1ogOVU&t=4s,https://www.youtube.com/watch?v=d0A6Uchb1F8,,https://www.youtube.com/watch?v=AzmYV8GNAIM&t=11s
1/31/2026,,,,,
2/1/2026,,,,,
2/2/2026,Isa 29-30; Pro 5,https://www.youtube.com/watch?v=d0A6Uchb1F8,,,https://www.youtube.com/watch?v=AzmYV8GNAIM&t=11s
2/3/2026,Isa 31-33; Pro 6,https://www.youtube.com/watch?v=d0A6Uchb1F8,,,https://www.youtube.com/watch?v=AzmYV8GNAIM&t=11s
2/4/2026,Isa 34-36; Pro 7,https://www.youtube.com/watch?v=d0A6Uchb1F8,,,https://www.youtube.com/watch?v=AzmYV8GNAIM&t=11s
2/5/2026,Isa 37-38; Pro 8,https://www.youtube.com/watch?v=d0A6Uchb1F8,,,https://www.youtube.com/watch?v=AzmYV8GNAIM&t=11s
2/6/2026,Isa 39; Ps 76; Isa 40; Pro 9,https://www.youtube.com/watch?v=d0A6Uchb1F8,https://www.youtube.com/watch?v=j9phNEaPrv8&t=4s,https://www.youtube.com/watch?v=_TzdEPuqgQg,https://www.youtube.com/watch?v=AzmYV8GNAIM&t=11s
2/7/2026,,,,,
2/8/2026,,,,,
2/9/2026,Isa 41-42; Pro 10,https://www.youtube.com/watch?v=_TzdEPuqgQg,,,https://www.youtube.com/watch?v=AzmYV8GNAIM&t=11s
2/10/2026,Isa 43-44; Pro 11,https://www.youtube.com/watch?v=_TzdEPuqgQg,,,https://www.youtube.com/watch?v=AzmYV8GNAIM&t=11s
2/11/2026,Isa 45-47; Pro 12,https://www.youtube.com/watch?v=_TzdEPuqgQg,,,https://www.youtube.com/watch?v=AzmYV8GNAIM&t=11s
2/12/2026,Isa 48; 2 Kgs 19; Pro 13,https://www.youtube.com/watch?v=_TzdEPuqgQg,https://www.youtube.com/watch?v=bVFW3wbi9pk&t=4s,,https://www.youtube.com/watch?v=AzmYV8GNAIM&t=11s
2/13/2026,"Ps 46, 80, 135; Pro 14",https://www.youtube.com/watch?v=j9phNEaPrv8&t=4s,,,https://www.youtube.com/watch?v=AzmYV8GNAIM&t=11s
2/14/2026,,,,,
2/15/2026,,,,,
2/16/2026,Isa 49-50; Pro 15,https://www.youtube.com/watch?v=_TzdEPuqgQg,,,https://www.youtube.com/watch?v=AzmYV8GNAIM&t=11s
2/17/2026,Isa 51-54; Pro 16,https://www.youtube.com/watch?v=_TzdEPuqgQg,,,https://www.youtube.com/watch?v=AzmYV8GNAIM&t=11s
2/18/2026,Isa 55-57; Pro 17,https://www.youtube.com/watch?v=_TzdEPuqgQg,,,https://www.youtube.com/watch?v=AzmYV8GNAIM&t=11s
2/19/2026,Isa 58-59; Pro 18,https://www.youtube.com/watch?v=_TzdEPuqgQg,,,https://www.youtube.com/watch?v=AzmYV8GNAIM&t=11s
2/20/2026,Isa 60-63; Pro 19,https://www.youtube.com/watch?v=_TzdEPuqgQg,,,https://www.youtube.com/watch?v=AzmYV8GNAIM&t=11s
2/21/2026,,,,,
2/22/2026,,,,,
2/23/2026,Isa 64-65; Pro 20,https://www.youtube.com/watch?v=_TzdEPuqgQg,,,https://www.youtube.com/watch?v=AzmYV8GNAIM&t=11s
2/24/2026,Isa 66; 2 Kgs 20; Pro 21,https://www.youtube.com/watch?v=_TzdEPuqgQg,https://www.youtube.com/watch?v=bVFW3wbi9pk&t=4s,,https://www.youtube.com/watch?v=AzmYV8GNAIM&t=11s
2/25/2026,2 Kgs 21; 2 Chr 32; Pro 22,https://www.youtube.com/watch?v=bVFW3wbi9pk&t=4s,https://www.youtube.com/watch?v=HR7xaHv3Ias&t=4s,,https://www.youtube.com/watch?v=AzmYV8GNAIM&t=11s
2/26/2026,2 Chr 33; Nah 1; Pro 23,https://www.youtube.com/watch?v=HR7xaHv3Ias&t=4s,https://www.youtube.com/watch?v=Y30DanA5EhU&t=2s,,https://www.youtube.com/watch?v=AzmYV8GNAIM&t=11s
2/27/2026,Nah 2-3; 2 Kgs 22; Pro 24,https://www.youtube.com/watch?v=Y30DanA5EhU&t=2s,https://www.youtube.com/watch?v=bVFW3wbi9pk&t=4s,,https://www.youtube.com/watch?v=AzmYV8GNAIM&t=11s
2/28/2026,,,,,
3/1/2026,,,,,
3/2/2026,2 Kgs 23; Pro 25,https://www.youtube.com/watch?v=bVFW3wbi9pk&t=4s,,,https://www.youtube.com/watch?v=AzmYV8GNAIM&t=11s
3/3/2026,2 Chr 34; Pro 26,https://www.youtube.com/watch?v=HR7xaHv3Ias&t=4s,,,https://www.youtube.com/watch?v=AzmYV8GNAIM&t=11s
3/4/2026,2 Chr 35; Zep 1-2; Pro 27,https://www.youtube.com/watch?v=HR7xaHv3Ias&t=4s,https://www.youtube.com/watch?v=oFZknKPNvz8&t=2s,,https://www.youtube.com/watch?v=AzmYV8GNAIM&t=11s
3/5/2026,Zep 3; Jer 1; Pro 28,https://www.youtube.com/watch?v=oFZknKPNvz8&t=2s,https://www.youtube.com/watch?v=RSK36cHbrk0&t=1s,,https://www.youtube.com/watch?v=AzmYV8GNAIM&t=11s
3/6/2026,Jer 2-3; Pro 29,https://www.youtube.com/watch?v=RSK36cHbrk0&t=1s,,,https://www.youtube.com/watch?v=AzmYV8GNAIM&t=11s
3/7/2026,,,,,
3/8/2026,,,,,
3/9/2026,Jer 4-5; Pro 30,https://www.youtube.com/watch?v=RSK36cHbrk0&t=1s,,,https://www.youtube.com/watch?v=AzmYV8GNAIM&t=11s
3/10/2026,Jer 6; Pro 31,https://www.youtube.com/watch?v=RSK36cHbrk0&t=1s,,,https://www.youtube.com/watch?v=AzmYV8GNAIM&t=11s
3/11/2026,Jer 7-8; Pro 1,https://www.youtube.com/watch?v=RSK36cHbrk0&t=1s,,,https://www.youtube.com/watch?v=AzmYV8GNAIM&t=11s
3/12/2026,Jer 9-10; Pro 2,https://www.youtube.com/watch?v=RSK36cHbrk0&t=1s,,,https://www.youtube.com/watch?v=AzmYV8GNAIM&t=11s
3/13/2026,Jer 11-12; Pro 3,https://www.youtube.com/watch?v=RSK36cHbrk0&t=1s,,,https://www.youtube.com/watch?v=AzmYV8GNAIM&t=11s
3/14/2026,,,,,
3/15/2026,,,,,
3/16/2026,Jer 13-14; Pro 4,https://www.youtube.com/watch?v=RSK36cHbrk0&t=1s,,,https://www.youtube.com/watch?v=AzmYV8GNAIM&t=11s
3/17/2026,Jer 15-16; Pro 5,https://www.youtube.com/watch?v=RSK36cHbrk0&t=1s,,,https://www.youtube.com/watch?v=AzmYV8GNAIM&t=11s
3/18/2026,Jer 17-19; Pro 6,https://www.youtube.com/watch?v=RSK36cHbrk0&t=1s,,,https://www.youtube.com/watch?v=AzmYV8GNAIM&t=11s
3/19/2026,Jer 20-21; Pro 7,https://www.youtube.com/watch?v=RSK36cHbrk0&t=1s,,,https://www.youtube.com/watch?v=AzmYV8GNAIM&t=11s
3/20/2026,Jer 22-23; Pro 8,https://www.youtube.com/watch?v=RSK36cHbrk0&t=1s,,,https://www.youtube.com/watch?v=AzmYV8GNAIM&t=11s
3/21/2026,,,,,
3/22/2026,,,,,
3/23/2026,Jer 24-25; Pro 9,https://www.youtube.com/watch?v=RSK36cHbrk0&t=1s,,,https://www.youtube.com/watch?v=AzmYV8GNAIM&t=11s
3/24/2026,Jer 26; Pro 10,https://www.youtube.com/watch?v=RSK36cHbrk0&t=1s,,,https://www.youtube.com/watch?v=AzmYV8GNAIM&t=11s
3/25/2026,Jer 27-28; Pro 11,https://www.youtube.com/watch?v=RSK36cHbrk0&t=1s,,,https://www.youtube.com/watch?v=AzmYV8GNAIM&t=11s
3/26/2026,Jer 29-30; Pro 12,https://www.youtube.com/watch?v=RSK36cHbrk0&t=1s,,,https://www.youtube.com/watch?v=AzmYV8GNAIM&t=11s
3/27/2026,Jer 31; Pro 13,https://www.youtube.com/watch?v=RSK36cHbrk0&t=1s,,,https://www.youtube.com/watch?v=AzmYV8GNAIM&t=11s
3/28/2026,,,,,
3/29/2026,,,,,
3/30/2026,Jer 32; Pro 14,https://www.youtube.com/watch?v=RSK36cHbrk0&t=1s,,,https://www.youtube.com/watch?v=AzmYV8GNAIM&t=11s
3/31/2026,Jer 33-34; Pro 15,https://www.youtube.com/watch?v=RSK36cHbrk0&t=1s,,,https://www.youtube.com/watch?v=AzmYV8GNAIM&t=11s
4/1/2026,Jer 35-36; Pro 16,https://www.youtube.com/watch?v=RSK36cHbrk0&t=1s,,,https://www.youtube.com/watch?v=AzmYV8GNAIM&t=11s
4/2/2026,Jer 37-38; Pro 17,https://www.youtube.com/watch?v=RSK36cHbrk0&t=1s,,,https://www.youtube.com/watch?v=AzmYV8GNAIM&t=11s
4/3/2026,Jer 39-40; Pro 18,https://www.youtube.com/watch?v=RSK36cHbrk0&t=1s,,,https://www.youtube.com/watch?v=AzmYV8GNAIM&t=11s
4/4/2026,,,,,
4/5/2026,,,,,
4/6/2026,"Ps 74, 79; 2 Kgs 24; Pro 19",https://www.youtube.com/watch?v=j9phNEaPrv8&t=4s,https://www.youtube.com/watch?v=bVFW3wbi9pk&t=4s,,https://www.youtube.com/watch?v=AzmYV8GNAIM&t=11s
4/7/2026,2 Kgs 25; 2 Chr 36; Pro 20,https://www.youtube.com/watch?v=bVFW3wbi9pk&t=4s,https://www.youtube.com/watch?v=HR7xaHv3Ias&t=4s,,https://www.youtube.com/watch?v=AzmYV8GNAIM&t=11s
4/8/2026,Hab 1-3; Pro 21,https://www.youtube.com/watch?v=OPMaRqGJPUU&t=1s,,,https://www.youtube.com/watch?v=AzmYV8GNAIM&t=11s
4/9/2026,Jer 41-42; Pro 22,https://www.youtube.com/watch?v=RSK36cHbrk0&t=1s,,,https://www.youtube.com/watch?v=AzmYV8GNAIM&t=11s
4/10/2026,Jer 43-44; Pro 23,https://www.youtube.com/watch?v=RSK36cHbrk0&t=1s,,,https://www.youtube.com/watch?v=AzmYV8GNAIM&t=11s
4/11/2026,,,,,
4/12/2026,,,,,
4/13/2026,Jer 45-47; Pro 24,https://www.youtube.com/watch?v=RSK36cHbrk0&t=1s,,,https://www.youtube.com/watch?v=AzmYV8GNAIM&t=11s
4/14/2026,Jer 48; Pro 25,https://www.youtube.com/watch?v=RSK36cHbrk0&t=1s,,,https://www.youtube.com/watch?v=AzmYV8GNAIM&t=11s
4/15/2026,Jer 49; Pro 26,https://www.youtube.com/watch?v=RSK36cHbrk0&t=1s,,,https://www.youtube.com/watch?v=AzmYV8GNAIM&t=11s
4/16/2026,Jer 50; Pro 27,https://www.youtube.com/watch?v=RSK36cHbrk0&t=1s,,,https://www.youtube.com/watch?v=AzmYV8GNAIM&t=11s
4/17/2026,Jer 51; Pro 28,https://www.youtube.com/watch?v=RSK36cHbrk0&t=1s,,,https://www.youtube.com/watch?v=AzmYV8GNAIM&t=11s
4/18/2026,,,,,
4/19/2026,,,,,
4/20/2026,Jer 52; Lam 1; Pro 29,https://www.youtube.com/watch?v=RSK36cHbrk0&t=1s,https://www.youtube.com/watch?v=p8GDFPdaQZQ&t=4s,,https://www.youtube.com/watch?v=AzmYV8GNAIM&t=11s
4/21/2026,Lam 2; Pro 30,https://www.youtube.com/watch?v=p8GDFPdaQZQ&t=4s,,,https://www.youtube.com/watch?v=AzmYV8GNAIM&t=11s
4/22/2026,Lam 3-5; Pro 31,https://www.youtube.com/watch?v=p8GDFPdaQZQ&t=4s,,,https://www.youtube.com/watch?v=AzmYV8GNAIM&t=11s
4/23/2026,Eze 1-2; Pro 1,https://www.youtube.com/watch?v=R-CIPu1nko8,,,https://www.youtube.com/watch?v=AzmYV8GNAIM&t=11s
4/24/2026,Eze 3-5; Pro 2,https://www.youtube.com/watch?v=R-CIPu1nko8,,,https://www.youtube.com/watch?v=AzmYV8GNAIM&t=11s
4/25/2026,,,,,
4/26/2026,,,,,
4/27/2026,Eze 6-7; Pro 3,https://www.youtube.com/watch?v=R-CIPu1nko8,,,https://www.youtube.com/watch?v=AzmYV8GNAIM&t=11s
4/28/2026,Eze 8-10; Pro 4,https://www.youtube.com/watch?v=R-CIPu1nko8,,,https://www.youtube.com/watch?v=AzmYV8GNAIM&t=11s
4/29/2026,Eze 11-12; Pro 5,https://www.youtube.com/watch?v=R-CIPu1nko8,,,https://www.youtube.com/watch?v=AzmYV8GNAIM&t=11s
4/30/2026,Eze 13-14; Pro 6,https://www.youtube.com/watch?v=R-CIPu1nko8,,,https://www.youtube.com/watch?v=AzmYV8GNAIM&t=11s
5/1/2026,Eze 15-16; Pro 7,https://www.youtube.com/watch?v=R-CIPu1nko8,,,https://www.youtube.com/watch?v=AzmYV8GNAIM&t=11s
5/2/2026,,,,,
5/3/2026,,,,,
5/4/2026,Eze 17; Pro 8,https://www.youtube.com/watch?v=R-CIPu1nko8,,,https://www.youtube.com/watch?v=AzmYV8GNAIM&t=11s
5/5/2026,Eze 18-19; Pro 9,https://www.youtube.com/watch?v=R-CIPu1nko8,,,https://www.youtube.com/watch?v=AzmYV8GNAIM&t=11s
5/6/2026,Eze 20; Pro 10,https://www.youtube.com/watch?v=R-CIPu1nko8,,,https://www.youtube.com/watch?v=AzmYV8GNAIM&t=11s
5/7/2026,Eze 21-22; Pro 11,https://www.youtube.com/watch?v=R-CIPu1nko8,,,https://www.youtube.com/watch?v=AzmYV8GNAIM&t=11s
5/8/2026,Eze 23; Pro 12,https://www.youtube.com/watch?v=R-CIPu1nko8,,,https://www.youtube.com/watch?v=AzmYV8GNAIM&t=11s
5/9/2026,,,,,
5/10/2026,,,,,
5/11/2026,Eze 24-25; Pro 13,https://www.youtube.com/watch?v=R-CIPu1nko8,,,https://www.youtube.com/watch?v=AzmYV8GNAIM&t=11s
5/12/2026,Eze 26-27; Pro 14,https://www.youtube.com/watch?v=R-CIPu1nko8,,,https://www.youtube.com/watch?v=AzmYV8GNAIM&t=11s
5/13/2026,Eze 28-29; Pro 15,https://www.youtube.com/watch?v=R-CIPu1nko8,,,https://www.youtube.com/watch?v=AzmYV8GNAIM&t=11s
5/14/2026,Eze 30-31; Pro 16,https://www.youtube.com/watch?v=R-CIPu1nko8,,,https://www.youtube.com/watch?v=AzmYV8GNAIM&t=11s
5/15/2026,Eze 32; Pro 17,https://www.youtube.com/watch?v=R-CIPu1nko8,,,https://www.youtube.com/watch?v=AzmYV8GNAIM&t=11s
5/16/2026,,,,,
5/17/2026,,,,,
5/18/2026,Eze 33-34; Pro 18,https://www.youtube.com/watch?v=R-CIPu1nko8,https://www.youtube.com/watch?v=SDeCWW_Bnyw&t=142s,,https://www.youtube.com/watch?v=AzmYV8GNAIM&t=11s
5/19/2026,Eze 35; Pro 19,https://www.youtube.com/watch?v=SDeCWW_Bnyw&t=142s,,,https://www.youtube.com/watch?v=AzmYV8GNAIM&t=11s
5/20/2026,Eze 36-37; Pro 20,https://www.youtube.com/watch?v=SDeCWW_Bnyw&t=142s,,,https://www.youtube.com/watch?v=AzmYV8GNAIM&t=11s
5/21/2026,Eze 38-39; Pro 21,https://www.youtube.com/watch?v=SDeCWW_Bnyw&t=142s,,,https://www.youtube.com/watch?v=AzmYV8GNAIM&t=11s
5/22/2026,Eze 40; Pro 22,https://www.youtube.com/watch?v=SDeCWW_Bnyw&t=142s,,,https://www.youtube.com/watch?v=AzmYV8GNAIM&t=11s
5/23/2026,,,,,
5/24/2026,,,,,
5/25/2026,Eze 41-42; Pro 23,https://www.youtube.com/watch?v=SDeCWW_Bnyw&t=142s,,,https://www.youtube.com/watch?v=AzmYV8GNAIM&t=11s
5/26/2026,Eze 43; Pro 24,https://www.youtube.com/watch?v=SDeCWW_Bnyw&t=142s,,,https://www.youtube.com/watch?v=AzmYV8GNAIM&t=11s
5/27/2026,Eze 44-45; Pro 25,https://www.youtube.com/watch?v=SDeCWW_Bnyw&t=142s,,,https://www.youtube.com/watch?v=AzmYV8GNAIM&t=11s
5/28/2026,Eze 46-47; Pro 26,https://www.youtube.com/watch?v=SDeCWW_Bnyw&t=142s,,,https://www.youtube.com/watch?v=AzmYV8GNAIM&t=11s
5/29/2026,Eze 48; Pro 27,https://www.youtube.com/watch?v=SDeCWW_Bnyw&t=142s,,,https://www.youtube.com/watch?v=AzmYV8GNAIM&t=11s
5/30/2026,,,,,
5/31/2026,,,,,
6/1/2026,Joe 1-2; Pro 28,https://www.youtube.com/watch?v=zQLazbgz90c&t=2s,,,https://www.youtube.com/watch?v=AzmYV8GNAIM&t=11s
6/2/2026,Joe 3; Dan 1; Pro 29,https://www.youtube.com/watch?v=zQLazbgz90c&t=2s,https://www.youtube.com/watch?v=9cSC9uobtPM&t=2s,,https://www.youtube.com/watch?v=AzmYV8GNAIM&t=11s
6/3/2026,Dan 2; Pro 30,https://www.youtube.com/watch?v=9cSC9uobtPM&t=2s,,,https://www.youtube.com/watch?v=AzmYV8GNAIM&t=11s
6/4/2026,Dan 3-4; Pro 31,https://www.youtube.com/watch?v=9cSC9uobtPM&t=2s,,,https://www.youtube.com/watch?v=AzmYV8GNAIM&t=11s
6/5/2026,Dan 5; Pro 1,https://www.youtube.com/watch?v=9cSC9uobtPM&t=2s,,,https://www.youtube.com/watch?v=AzmYV8GNAIM&t=11s
6/6/2026,,,,,
6/7/2026,,,,,
6/8/2026,Dan 6-7; Pro 2,https://www.youtube.com/watch?v=9cSC9uobtPM&t=2s,,,https://www.youtube.com/watch?v=AzmYV8GNAIM&t=11s
6/9/2026,Dan 8; Pro 3,https://www.youtube.com/watch?v=9cSC9uobtPM&t=2s,,,https://www.youtube.com/watch?v=AzmYV8GNAIM&t=11s
6/10/2026,Dan 9-10; Pro 4,https://www.youtube.com/watch?v=9cSC9uobtPM&t=2s,,,https://www.youtube.com/watch?v=AzmYV8GNAIM&t=11s
6/11/2026,Dan 11; Pro 5,https://www.youtube.com/watch?v=9cSC9uobtPM&t=2s,,,https://www.youtube.com/watch?v=AzmYV8GNAIM&t=11s
6/12/2026,Dan 12; Ezr 1-2; Pro 6,https://www.youtube.com/watch?v=9cSC9uobtPM&t=2s,https://www.youtube.com/watch?v=MkETkRv9tG8&t=2s,,https://www.youtube.com/watch?v=AzmYV8GNAIM&t=11s
6/13/2026,,,,,
6/14/2026,,,,,
6/15/2026,Ezr 3-4; Pro 7,https://www.youtube.com/watch?v=MkETkRv9tG8&t=2s,,,https://www.youtube.com/watch?v=AzmYV8GNAIM&t=11s
6/16/2026,Ezr 5-6; Pro 8,https://www.youtube.com/watch?v=MkETkRv9tG8&t=2s,,,https://www.youtube.com/watch?v=AzmYV8GNAIM&t=11s
6/17/2026,Ps 137; Hag 1-2; Pro 9,https://www.youtube.com/watch?v=j9phNEaPrv8&t=4s,https://www.youtube.com/watch?v=juPvv_xcX-U&t=2s,,https://www.youtube.com/watch?v=AzmYV8GNAIM&t=11s
6/18/2026,Zec 1-5; Pro 10,https://www.youtube.com/watch?v=_106IfO6Kc0&t=2s,,,https://www.youtube.com/watch?v=AzmYV8GNAIM&t=11s
6/19/2026,Zec 6-8; Pro 11,https://www.youtube.com/watch?v=_106IfO6Kc0&t=2s,,,https://www.youtube.com/watch?v=AzmYV8GNAIM&t=11s
6/20/2026,,,,,
6/21/2026,,,,,
6/22/2026,Zec 9-11; Pro 12,https://www.youtube.com/watch?v=_106IfO6Kc0&t=2s,,,https://www.youtube.com/watch?v=AzmYV8GNAIM&t=11s
6/23/2026,Zec 12-14; Pro 13,https://www.youtube.com/watch?v=_106IfO6Kc0&t=2s,,,https://www.youtube.com/watch?v=AzmYV8GNAIM&t=11s
6/24/2026,Est 1-2; Pro 14,https://www.youtube.com/watch?v=JydNSlufRIs&t=4s,,,https://www.youtube.com/watch?v=AzmYV8GNAIM&t=11s
6/25/2026,Est 3-5; Pro 15,https://www.youtube.com/watch?v=JydNSlufRIs&t=4s,,,https://www.youtube.com/watch?v=AzmYV8GNAIM&t=11s
6/26/2026,Est 6-8; Pro 16,https://www.youtube.com/watch?v=JydNSlufRIs&t=4s,,,https://www.youtube.com/watch?v=AzmYV8GNAIM&t=11s
6/27/2026,,,,,
6/28/2026,,,,,
6/29/2026,Est 9-10; Pro 17,https://www.youtube.com/watch?v=JydNSlufRIs&t=4s,,,https://www.youtube.com/watch?v=AzmYV8GNAIM&t=11s
6/30/2026,Ezr 7-8; Pro 18,https://www.youtube.com/watch?v=MkETkRv9tG8&t=2s,,,https://www.youtube.com/watch?v=AzmYV8GNAIM&t=11s
7/1/2026,Ezr 9-10; Pro 19,https://www.youtube.com/watch?v=MkETkRv9tG8&t=2s,,,https://www.youtube.com/watch?v=AzmYV8GNAIM&t=11s
7/2/2026,Neh 1-2; Pro 20,https://www.youtube.com/watch?v=MkETkRv9tG8&t=2s,,,https://www.youtube.com/watch?v=AzmYV8GNAIM&t=11s
7/3/2026,Neh 3-4; Pro 21,https://www.youtube.com/watch?v=MkETkRv9tG8&t=2s,,,https://www.youtube.com/watch?v=AzmYV8GNAIM&t=11s
7/4/2026,,,,,
7/5/2026,,,,,
7/6/2026,Neh 5-6; Pro 22,https://www.youtube.com/watch?v=MkETkRv9tG8&t=2s,,,https://www.youtube.com/watch?v=AzmYV8GNAIM&t=11s
7/7/2026,Neh 7-8; Pro 23,https://www.youtube.com/watch?v=MkETkRv9tG8&t=2s,,,https://www.youtube.com/watch?v=AzmYV8GNAIM&t=11s
7/8/2026,Neh 9; Pro 24,https://www.youtube.com/watch?v=MkETkRv9tG8&t=2s,,,https://www.youtube.com/watch?v=AzmYV8GNAIM&t=11s
7/9/2026,Neh 10-11; Pro 25,https://www.youtube.com/watch?v=MkETkRv9tG8&t=2s,,,https://www.youtube.com/watch?v=AzmYV8GNAIM&t=11s
7/10/2026,Neh 12-13; Pro 26,https://www.youtube.com/watch?v=MkETkRv9tG8&t=2s,,,https://www.youtube.com/watch?v=AzmYV8GNAIM&t=11s
7/11/2026,,,,,
7/12/2026,,,,,
7/13/2026,Ps 126; Mal 1-2; Pro 27,https://www.youtube.com/watch?v=j9phNEaPrv8&t=4s,https://www.youtube.com/watch?v=HPGShWZ4Jvk&t=2s,,https://www.youtube.com/watch?v=AzmYV8GNAIM&t=11s
7/14/2026,Mal 3-4; Pro 28,https://www.youtube.com/watch?v=HPGShWZ4Jvk&t=2s,,,https://www.youtube.com/watch?v=AzmYV8GNAIM&t=11s
7/15/2026,Luk 1; John 1; Pro 29,https://www.youtube.com/watch?v=XIb_dCIxzr0,https://www.youtube.com/watch?v=G-2e9mMf7E8,,https://www.youtube.com/watch?v=AzmYV8GNAIM&t=11s
7/16/2026,Mat 1; Luk 2; Pro 30,https://www.youtube.com/watch?v=3Dv4-n6OYGI,https://www.youtube.com/watch?v=XIb_dCIxzr0,,https://www.youtube.com/watch?v=AzmYV8GNAIM&t=11s
7/17/2026,Mat 2-3; Pro 31,https://www.youtube.com/watch?v=3Dv4-n6OYGI,,,https://www.youtube.com/watch?v=AzmYV8GNAIM&t=11s
7/18/2026,,,,,
7/19/2026,,,,,
7/20/2026,Mk 1; Luk 3; Pro 1,https://www.youtube.com/watch?v=HGHqu9-DtXk&t=2s,https://www.youtube.com/watch?v=XIb_dCIxzr0,,https://www.youtube.com/watch?v=AzmYV8GNAIM&t=11s
7/21/2026,Mat 4; Luk 4; Pro 2,https://www.youtube.com/watch?v=3Dv4-n6OYGI,https://www.youtube.com/watch?v=XIb_dCIxzr0,,https://www.youtube.com/watch?v=AzmYV8GNAIM&t=11s
7/22/2026,Luk 5; Pro 3,https://www.youtube.com/watch?v=XIb_dCIxzr0,,,https://www.youtube.com/watch?v=AzmYV8GNAIM&t=11s
7/23/2026,John 2-3; Pro 4,https://www.youtube.com/watch?v=G-2e9mMf7E8,,,https://www.youtube.com/watch?v=AzmYV8GNAIM&t=11s
7/24/2026,John 4; Mat 8; Pro 5,https://www.youtube.com/watch?v=G-2e9mMf7E8,https://www.youtube.com/watch?v=3Dv4-n6OYGI,,https://www.youtube.com/watch?v=AzmYV8GNAIM&t=11s
7/25/2026,,,,,
7/26/2026,,,,,
7/27/2026,Mk 2; John 5; Pro 6,https://www.youtube.com/watch?v=HGHqu9-DtXk&t=2s,https://www.youtube.com/watch?v=G-2e9mMf7E8,,https://www.youtube.com/watch?v=AzmYV8GNAIM&t=11s
7/28/2026,Mat 12; Pro 7,https://www.youtube.com/watch?v=3Dv4-n6OYGI,,,https://www.youtube.com/watch?v=AzmYV8GNAIM&t=11s
7/29/2026,Mk 3; Luk 6; Pro 8,https://www.youtube.com/watch?v=HGHqu9-DtXk&t=2s,https://www.youtube.com/watch?v=XIb_dCIxzr0,,https://www.youtube.com/watch?v=AzmYV8GNAIM&t=11s
7/30/2026,Mat 5; Pro 9,https://www.youtube.com/watch?v=3Dv4-n6OYGI,,,https://www.youtube.com/watch?v=AzmYV8GNAIM&t=11s
7/31/2026,Mat 6-7; Pro 10,https://www.youtube.com/watch?v=3Dv4-n6OYGI,,,https://www.youtube.com/watch?v=AzmYV8GNAIM&t=11s
8/1/2026,,,,,
8/2/2026,,,,,
8/3/2026,Mat 9; Luk 7; Pro 11,https://www.youtube.com/watch?v=3Dv4-n6OYGI,https://www.youtube.com/watch?v=XIb_dCIxzr0,,https://www.youtube.com/watch?v=AzmYV8GNAIM&t=11s
8/4/2026,Mat 11; Pro 12,https://www.youtube.com/watch?v=3Dv4-n6OYGI,,,https://www.youtube.com/watch?v=AzmYV8GNAIM&t=11s
8/5/2026,Luk 11; Pro 13,https://www.youtube.com/watch?v=XIb_dCIxzr0,,,https://www.youtube.com/watch?v=AzmYV8GNAIM&t=11s
8/6/2026,Mat 13; Luk 8; Pro 14,https://www.youtube.com/watch?v=3Dv4-n6OYGI,https://www.youtube.com/watch?v=XIb_dCIxzr0,,https://www.youtube.com/watch?v=AzmYV8GNAIM&t=11s
8/7/2026,Mk 4; Pro 15,https://www.youtube.com/watch?v=HGHqu9-DtXk&t=2s,,,https://www.youtube.com/watch?v=AzmYV8GNAIM&t=11s
8/8/2026,,,,,
8/9/2026,,,,,
8/10/2026,Mk 5; Pro 16,https://www.youtube.com/watch?v=HGHqu9-DtXk&t=2s,,,https://www.youtube.com/watch?v=AzmYV8GNAIM&t=11s
8/11/2026,"Mat 10, 14; Pro 17",https://www.youtube.com/watch?v=3Dv4-n6OYGI,https://www.youtube.com/watch?v=GGCF3OPWN14&t=2s,,https://www.youtube.com/watch?v=AzmYV8GNAIM&t=11s
8/12/2026,Mk 6; Pro 18,https://www.youtube.com/watch?v=HGHqu9-DtXk&t=2s,,,https://www.youtube.com/watch?v=AzmYV8GNAIM&t=11s
8/13/2026,Luk 9; Pro 19,https://www.youtube.com/watch?v=XIb_dCIxzr0,https://www.youtube.com/watch?v=26z_KhwNdD8&t=2s,,https://www.youtube.com/watch?v=AzmYV8GNAIM&t=11s
8/14/2026,John 6; Mat 15; Pro 20,https://www.youtube.com/watch?v=G-2e9mMf7E8,https://www.youtube.com/watch?v=GGCF3OPWN14&t=2s,,https://www.youtube.com/watch?v=AzmYV8GNAIM&t=11s
8/15/2026,,,,,
8/16/2026,,,,,
8/17/2026,Mk 7; Mat 16; Pro 21,https://www.youtube.com/watch?v=HGHqu9-DtXk&t=2s,https://www.youtube.com/watch?v=GGCF3OPWN14&t=2s,,https://www.youtube.com/watch?v=AzmYV8GNAIM&t=11s
8/18/2026,Mk 8; Mat 17; Pro 22,https://www.youtube.com/watch?v=HGHqu9-DtXk&t=2s,https://www.youtube.com/watch?v=GGCF3OPWN14&t=2s,,https://www.youtube.com/watch?v=AzmYV8GNAIM&t=11s
8/19/2026,Mk 9; Pro 23,https://www.youtube.com/watch?v=HGHqu9-DtXk&t=2s,,,https://www.youtube.com/watch?v=AzmYV8GNAIM&t=11s
8/20/2026,Mat 18; John 7; Pro 24,https://www.youtube.com/watch?v=GGCF3OPWN14&t=2s,https://www.youtube.com/watch?v=G-2e9mMf7E8,,https://www.youtube.com/watch?v=AzmYV8GNAIM&t=11s
8/21/2026,John 8; Pro 25,https://www.youtube.com/watch?v=G-2e9mMf7E8,,,https://www.youtube.com/watch?v=AzmYV8GNAIM&t=11s
8/22/2026,,,,,
8/23/2026,,,,,
8/24/2026,John 9-10; Pro 26,https://www.youtube.com/watch?v=G-2e9mMf7E8,,,https://www.youtube.com/watch?v=AzmYV8GNAIM&t=11s
8/25/2026,Luk 10; Pro 27,https://www.youtube.com/watch?v=26z_KhwNdD8&t=2s,,,https://www.youtube.com/watch?v=AzmYV8GNAIM&t=11s
8/26/2026,Luk 12; Pro 28,https://www.youtube.com/watch?v=26z_KhwNdD8&t=2s,,,https://www.youtube.com/watch?v=AzmYV8GNAIM&t=11s
8/27/2026,Luk 13-14; Pro 29,https://www.youtube.com/watch?v=26z_KhwNdD8&t=2s,,,https://www.youtube.com/watch?v=AzmYV8GNAIM&t=11s
8/28/2026,Luk 15-16; Pro 30,https://www.youtube.com/watch?v=26z_KhwNdD8&t=2s,,,https://www.youtube.com/watch?v=AzmYV8GNAIM&t=11s
8/29/2026,,,,,
8/30/2026,,,,,
8/31/2026,Luk 17; John 11; Pro 31,https://www.youtube.com/watch?v=26z_KhwNdD8&t=2s,https://www.youtube.com/watch?v=G-2e9mMf7E8,,https://www.youtube.com/watch?v=AzmYV8GNAIM&t=11s
9/1/2026,Luk 18; Pro 1,https://www.youtube.com/watch?v=26z_KhwNdD8&t=2s,,,https://www.youtube.com/watch?v=AzmYV8GNAIM&t=11s
9/2/2026,Mat 19; Mk 10; Pro 2,https://www.youtube.com/watch?v=GGCF3OPWN14&t=2s,https://www.youtube.com/watch?v=HGHqu9-DtXk&t=2s,,https://www.youtube.com/watch?v=AzmYV8GNAIM&t=11s
9/3/2026,Mat 20; Pro 3,https://www.youtube.com/watch?v=GGCF3OPWN14&t=2s,,,https://www.youtube.com/watch?v=AzmYV8GNAIM&t=11s
9/4/2026,Mat 21; Luk 19; Pro 4,https://www.youtube.com/watch?v=GGCF3OPWN14&t=2s,https://www.youtube.com/watch?v=26z_KhwNdD8&t=2s,,https://www.youtube.com/watch?v=AzmYV8GNAIM&t=11s
9/5/2026,,,,,
9/6/2026,,,,,
9/7/2026,Mk 11; John 12; Pro 5,https://www.youtube.com/watch?v=HGHqu9-DtXk&t=2s,https://www.youtube.com/watch?v=G-2e9mMf7E8,,https://www.youtube.com/watch?v=AzmYV8GNAIM&t=11s
9/8/2026,Mat 22; Pro 6,https://www.youtube.com/watch?v=GGCF3OPWN14&t=2s,,,https://www.youtube.com/watch?v=AzmYV8GNAIM&t=11s
9/9/2026,Mk 12; Mat 23; Pro 7,https://www.youtube.com/watch?v=HGHqu9-DtXk&t=2s,https://www.youtube.com/watch?v=GGCF3OPWN14&t=2s,,https://www.youtube.com/watch?v=AzmYV8GNAIM&t=11s
9/10/2026,Luk 20; Pro 8,https://www.youtube.com/watch?v=26z_KhwNdD8&t=2s,,,https://www.youtube.com/watch?v=AzmYV8GNAIM&t=11s
9/11/2026,Luk 21; Mk 13; Pro 9,https://www.youtube.com/watch?v=26z_KhwNdD8&t=2s,https://www.youtube.com/watch?v=HGHqu9-DtXk&t=2s,,https://www.youtube.com/watch?v=AzmYV8GNAIM&t=11s
9/12/2026,,,,,
9/13/2026,,,,,
9/14/2026,Mat 24-25; Pro 10,https://www.youtube.com/watch?v=GGCF3OPWN14&t=2s,,,https://www.youtube.com/watch?v=AzmYV8GNAIM&t=11s
9/15/2026,Mat 26; Pro 11,https://www.youtube.com/watch?v=GGCF3OPWN14&t=2s,,,https://www.youtube.com/watch?v=AzmYV8GNAIM&t=11s
9/16/2026,Mk 14; Pro 12,https://www.youtube.com/watch?v=HGHqu9-DtXk&t=2s,,,https://www.youtube.com/watch?v=AzmYV8GNAIM&t=11s
9/17/2026,Luk 22; Pro 13,https://www.youtube.com/watch?v=26z_KhwNdD8&t=2s,,,https://www.youtube.com/watch?v=AzmYV8GNAIM&t=11s
9/18/2026,John 13; Pro 14,https://www.youtube.com/watch?v=RUfh_wOsauk&t=2s,,,https://www.youtube.com/watch?v=AzmYV8GNAIM&t=11s
9/19/2026,,,,,
9/20/2026,,,,,
9/21/2026,John 14-15; Pro 15,https://www.youtube.com/watch?v=RUfh_wOsauk&t=2s,,,https://www.youtube.com/watch?v=AzmYV8GNAIM&t=11s
9/22/2026,John 16-17; Pro 16,https://www.youtube.com/watch?v=RUfh_wOsauk&t=2s,,,https://www.youtube.com/watch?v=AzmYV8GNAIM&t=11s
9/23/2026,Mat 27; Pro 17,https://www.youtube.com/watch?v=GGCF3OPWN14&t=2s,,,https://www.youtube.com/watch?v=AzmYV8GNAIM&t=11s
9/24/2026,Mk 15; Luk 23; Pro 18,https://www.youtube.com/watch?v=HGHqu9-DtXk&t=2s,https://www.youtube.com/watch?v=26z_KhwNdD8&t=2s,,https://www.youtube.com/watch?v=AzmYV8GNAIM&t=11s
9/25/2026,John 18; Pro 19,https://www.youtube.com/watch?v=RUfh_wOsauk&t=2s,,,https://www.youtube.com/watch?v=AzmYV8GNAIM&t=11s
9/26/2026,,,,,
9/27/2026,,,,,
9/28/2026,John 19; Mat 28; Mk 16; Pro 20,https://www.youtube.com/watch?v=RUfh_wOsauk&t=2s,https://www.youtube.com/watch?v=GGCF3OPWN14&t=2s,https://www.youtube.com/watch?v=HGHqu9-DtXk&t=2s,https://www.youtube.com/watch?v=AzmYV8GNAIM&t=11s
9/29/2026,Luk 24; Pro 21,https://www.youtube.com/watch?v=26z_KhwNdD8&t=2s,,,https://www.youtube.com/watch?v=AzmYV8GNAIM&t=11s
9/30/2026,John 20-21; Acts 1; Pro 22,https://www.youtube.com/watch?v=RUfh_wOsauk&t=2s,https://www.youtube.com/watch?v=CGbNw855ksw,,https://www.youtube.com/watch?v=AzmYV8GNAIM&t=11s
10/1/2026,Acts 2; Pro 23,https://www.youtube.com/watch?v=CGbNw855ksw,,,https://www.youtube.com/watch?v=AzmYV8GNAIM&t=11s
10/2/2026,Acts 3-4; Pro 24,https://www.youtube.com/watch?v=CGbNw855ksw,,,https://www.youtube.com/watch?v=AzmYV8GNAIM&t=11s
10/3/2026,,,,,
10/4/2026,,,,,
10/5/2026,Acts 5-6; Pro 25,https://www.youtube.com/watch?v=CGbNw855ksw,,,https://www.youtube.com/watch?v=AzmYV8GNAIM&t=11s
10/6/2026,Acts 7; Pro 26,https://www.youtube.com/watch?v=CGbNw855ksw,,,https://www.youtube.com/watch?v=AzmYV8GNAIM&t=11s
10/7/2026,Acts 8-9; Pro 27,https://www.youtube.com/watch?v=CGbNw855ksw,,,https://www.youtube.com/watch?v=AzmYV8GNAIM&t=11s
10/8/2026,Acts 10-11; Pro 28,https://www.youtube.com/watch?v=CGbNw855ksw,,,https://www.youtube.com/watch?v=AzmYV8GNAIM&t=11s
10/9/2026,Acts 12; Pro 29,https://www.youtube.com/watch?v=CGbNw855ksw,,,https://www.youtube.com/watch?v=AzmYV8GNAIM&t=11s
10/10/2026,,,,,
10/11/2026,,,,,
10/12/2026,Acts 13-14; Pro 30,https://www.youtube.com/watch?v=Z-17KxpjL0Q&t=2s,,,https://www.youtube.com/watch?v=AzmYV8GNAIM&t=11s
10/13/2026,Jam 1-3; Pro 31,https://www.youtube.com/watch?v=qn-hLHWwRYY&t=1s,,,https://www.youtube.com/watch?v=AzmYV8GNAIM&t=11s
10/14/2026,Jam 4-5; Acts 15; Pro 1,https://www.youtube.com/watch?v=qn-hLHWwRYY&t=1s,https://www.youtube.com/watch?v=Z-17KxpjL0Q&t=2s,,https://www.youtube.com/watch?v=AzmYV8GNAIM&t=11s
10/15/2026,Acts 16; Gal 1; Pro 2,https://www.youtube.com/watch?v=Z-17KxpjL0Q&t=2s,https://www.youtube.com/watch?v=vmx4UjRFp0M&t=2s,,https://www.youtube.com/watch?v=AzmYV8GNAIM&t=11s
10/16/2026,Gal 2-3; Pro 3,https://www.youtube.com/watch?v=vmx4UjRFp0M&t=2s,,,https://www.youtube.com/watch?v=AzmYV8GNAIM&t=11s
10/17/2026,,,,,
10/18/2026,,,,,
10/19/2026,Gal 4-6; Pro 4,https://www.youtube.com/watch?v=vmx4UjRFp0M&t=2s,,,https://www.youtube.com/watch?v=AzmYV8GNAIM&t=11s
10/20/2026,Acts 17; 1 Th 1-2; Pro 5,https://www.youtube.com/watch?v=Z-17KxpjL0Q&t=2s,https://www.youtube.com/watch?v=No7Nq6IX23c&t=1s,,https://www.youtube.com/watch?v=AzmYV8GNAIM&t=11s
10/21/2026,1 Th 3-5; 2 Th 1; Pro 6,https://www.youtube.com/watch?v=No7Nq6IX23c&t=1s,https://www.youtube.com/watch?v=kbPBDKOn1cc&t=2s,,https://www.youtube.com/watch?v=AzmYV8GNAIM&t=11s
10/22/2026,2 Th 2-3; Acts 18; Pro 7,https://www.youtube.com/watch?v=kbPBDKOn1cc&t=2s,https://www.youtube.com/watch?v=Z-17KxpjL0Q&t=2s,,https://www.youtube.com/watch?v=AzmYV8GNAIM&t=11s
10/23/2026,Acts 19; 1 Co 1; Pro 8,https://www.youtube.com/watch?v=Z-17KxpjL0Q&t=2s,https://www.youtube.com/watch?v=yiHf8klCCc4&t=2s,,https://www.youtube.com/watch?v=AzmYV8GNAIM&t=11s
10/24/2026,,,,,
10/25/2026,,,,,
10/26/2026,1 Co 2-4; Pro 9,https://www.youtube.com/watch?v=yiHf8klCCc4&t=2s,,,https://www.youtube.com/watch?v=AzmYV8GNAIM&t=11s
10/27/2026,1 Co 5-7; Pro 10,https://www.youtube.com/watch?v=yiHf8klCCc4&t=2s,,,https://www.youtube.com/watch?v=AzmYV8GNAIM&t=11s
10/28/2026,1 Co 8-9; Pro 11,https://www.youtube.com/watch?v=yiHf8klCCc4&t=2s,,,https://www.youtube.com/watch?v=AzmYV8GNAIM&t=11s
10/29/2026,1 Co 10-11; Pro 12,https://www.youtube.com/watch?v=yiHf8klCCc4&t=2s,,,https://www.youtube.com/watch?v=AzmYV8GNAIM&t=11s
10/30/2026,1 Co 12-14; Pro 13,https://www.youtube.com/watch?v=yiHf8klCCc4&t=2s,,,https://www.youtube.com/watch?v=AzmYV8GNAIM&t=11s
10/31/2026,,,,,
11/1/2026,,,,,
11/2/2026,1 Co 15; Pro 14,https://www.youtube.com/watch?v=yiHf8klCCc4&t=2s,,,https://www.youtube.com/watch?v=AzmYV8GNAIM&t=11s
11/3/2026,1 Co 16; 2 Co 1-2; Pro 15,https://www.youtube.com/watch?v=yiHf8klCCc4&t=2s,https://www.youtube.com/watch?v=3lfPK2vfC54&t=1s,,https://www.youtube.com/watch?v=AzmYV8GNAIM&t=11s
11/4/2026,2 Co 3-6; Pro 16,https://www.youtube.com/watch?v=3lfPK2vfC54&t=1s,,,https://www.youtube.com/watch?v=AzmYV8GNAIM&t=11s
11/5/2026,2 Co 7-9; Pro 17,https://www.youtube.com/watch?v=3lfPK2vfC54&t=1s,,,https://www.youtube.com/watch?v=AzmYV8GNAIM&t=11s
11/6/2026,2 Co 10-11; Pro 18,https://www.youtube.com/watch?v=3lfPK2vfC54&t=1s,,,https://www.youtube.com/watch?v=AzmYV8GNAIM&t=11s
11/7/2026,,,,,
11/8/2026,,,,,
11/9/2026,2 Co 12-13; Rom 1; Pro 19,https://www.youtube.com/watch?v=3lfPK2vfC54&t=1s,https://www.youtube.com/watch?v=ej_6dVdJSIU,,https://www.youtube.com/watch?v=AzmYV8GNAIM&t=11s
11/10/2026,Rom 2-4; Pro 20,https://www.youtube.com/watch?v=ej_6dVdJSIU,,,https://www.youtube.com/watch?v=AzmYV8GNAIM&t=11s
11/11/2026,Rom 5-6; Pro 21,https://www.youtube.com/watch?v=0SVTl4Xa5fY&t=2s,,,https://www.youtube.com/watch?v=AzmYV8GNAIM&t=11s
11/12/2026,Rom 7-8; Pro 22,https://www.youtube.com/watch?v=0SVTl4Xa5fY&t=2s,,,https://www.youtube.com/watch?v=AzmYV8GNAIM&t=11s
11/13/2026,Rom 9-11; Pro 23,https://www.youtube.com/watch?v=0SVTl4Xa5fY&t=2s,,,https://www.youtube.com/watch?v=AzmYV8GNAIM&t=11s
11/14/2026,,,,,https://www.youtube.com/watch?v=AzmYV8GNAIM&t=11s
11/15/2026,,,,,
11/16/2026,Rom 12-14; Pro 24,https://www.youtube.com/watch?v=0SVTl4Xa5fY&t=2s,,,https://www.youtube.com/watch?v=AzmYV8GNAIM&t=11s
11/17/2026,Rom 15-16; Pro 25,https://www.youtube.com/watch?v=0SVTl4Xa5fY&t=2s,,,https://www.youtube.com/watch?v=AzmYV8GNAIM&t=11s
11/18/2026,Acts 20-21; Pro 26,https://www.youtube.com/watch?v=Z-17KxpjL0Q&t=2s,,,https://www.youtube.com/watch?v=AzmYV8GNAIM&t=11s
11/19/2026,Acts 22; Pro 27,https://www.youtube.com/watch?v=Z-17KxpjL0Q&t=2s,,,https://www.youtube.com/watch?v=AzmYV8GNAIM&t=11s
11/20/2026,Acts 23-24; Pro 28,https://www.youtube.com/watch?v=Z-17KxpjL0Q&t=2s,,,https://www.youtube.com/watch?v=AzmYV8GNAIM&t=11s
11/21/2026,,,,,
11/22/2026,,,,,
11/23/2026,Acts 25-26; Pro 29,https://www.youtube.com/watch?v=Z-17KxpjL0Q&t=2s,,,https://www.youtube.com/watch?v=AzmYV8GNAIM&t=11s
11/24/2026,Acts 27-28; Pro 30,https://www.youtube.com/watch?v=Z-17KxpjL0Q&t=2s,,,https://www.youtube.com/watch?v=AzmYV8GNAIM&t=11s
11/25/2026,Col 1-2; Pro 31,https://www.youtube.com/watch?v=pXTXlDxQsvc&t=1s,,,https://www.youtube.com/watch?v=AzmYV8GNAIM&t=11s
11/26/2026,Col 3-4; Phlm; Pro 1,https://www.youtube.com/watch?v=pXTXlDxQsvc&t=1s,https://www.youtube.com/watch?v=aW9Q3Jt6Yvk&t=2s,,https://www.youtube.com/watch?v=AzmYV8GNAIM&t=11s
11/27/2026,Eph 1-3; Pro 2,https://www.youtube.com/watch?v=Y71r-T98E2Q&t=2s,,,https://www.youtube.com/watch?v=AzmYV8GNAIM&t=11s
11/28/2026,,,,,
11/29/2026,,,,,
11/30/2026,Eph 4-6; Pro 3,https://www.youtube.com/watch?v=Y71r-T98E2Q&t=2s,,,https://www.youtube.com/watch?v=AzmYV8GNAIM&t=11s
12/1/2026,Phil 1-2; Pro 4,https://www.youtube.com/watch?v=oE9qqW1-BkU&t=1s,,,https://www.youtube.com/watch?v=AzmYV8GNAIM&t=11s
12/2/2026,Phil 3-4; 1 Ti 1-2; Pro 5,https://www.youtube.com/watch?v=oE9qqW1-BkU&t=1s,https://www.youtube.com/watch?v=7RoqnGcEjcs&t=2s,,https://www.youtube.com/watch?v=AzmYV8GNAIM&t=11s
12/3/2026,1 Ti 3-6; Pro 6,https://www.youtube.com/watch?v=7RoqnGcEjcs&t=2s,,,https://www.youtube.com/watch?v=AzmYV8GNAIM&t=11s
12/4/2026,Tit 1-3; 1 Pe 1; Pro 7,https://www.youtube.com/watch?v=PUEYCVXJM3k&t=3s,https://www.youtube.com/watch?v=WhP7AZQlzCg&t=3s,,https://www.youtube.com/watch?v=AzmYV8GNAIM&t=11s
12/5/2026,,,,,
12/6/2026,,,,,
12/7/2026,1 Pe 2-3; Pro 8,https://www.youtube.com/watch?v=WhP7AZQlzCg&t=3s,,,https://www.youtube.com/watch?v=AzmYV8GNAIM&t=11s
12/8/2026,1 Pe 4-5; Heb 1-2; Pro 9,https://www.youtube.com/watch?v=WhP7AZQlzCg&t=3s,https://www.youtube.com/watch?v=1fNWTZZwgbs&t=2s,,https://www.youtube.com/watch?v=AzmYV8GNAIM&t=11s
12/9/2026,Heb 3-6; Pro 10,https://www.youtube.com/watch?v=1fNWTZZwgbs&t=2s,,,https://www.youtube.com/watch?v=AzmYV8GNAIM&t=11s
12/10/2026,Heb 7-8; Pro 11,https://www.youtube.com/watch?v=1fNWTZZwgbs&t=2s,,,https://www.youtube.com/watch?v=AzmYV8GNAIM&t=11s
12/11/2026,Heb 9-10; Pro 12,https://www.youtube.com/watch?v=1fNWTZZwgbs&t=2s,,,https://www.youtube.com/watch?v=AzmYV8GNAIM&t=11s
12/12/2026,,,,,
12/13/2026,,,,,
12/14/2026,Heb 11-12; Pro 13,https://www.youtube.com/watch?v=1fNWTZZwgbs&t=2s,,,https://www.youtube.com/watch?v=AzmYV8GNAIM&t=11s
12/15/2026,Heb 13; 2 Ti 1-2; Pro 14,https://www.youtube.com/watch?v=1fNWTZZwgbs&t=2s,https://www.youtube.com/watch?v=urlvnxCaL00&t=1s,,https://www.youtube.com/watch?v=AzmYV8GNAIM&t=11s
12/16/2026,2 Ti 3-4; 2 Pe 1-2; Pro 15,https://www.youtube.com/watch?v=urlvnxCaL00&t=1s,https://www.youtube.com/watch?v=wWLv_ITyKYc&t=2s,,https://www.youtube.com/watch?v=AzmYV8GNAIM&t=11s
12/17/2026,2 Pe 3; Jude; 1 Jn 1; Pro 16,https://www.youtube.com/watch?v=wWLv_ITyKYc&t=2s,https://www.youtube.com/watch?v=6UoCmakZmys&t=2s,https://www.youtube.com/watch?v=l3QkE6nKylM&t=2s,https://www.youtube.com/watch?v=AzmYV8GNAIM&t=11s
12/18/2026,1 Jn 2-3; Pro 17,https://www.youtube.com/watch?v=l3QkE6nKylM&t=2s,,,https://www.youtube.com/watch?v=AzmYV8GNAIM&t=11s
12/19/2026,,,,,
12/20/2026,,,,,
12/21/2026,1 Jn 4-5; 2 Jn; 3 Jn; Pro 18,https://www.youtube.com/watch?v=l3QkE6nKylM&t=2s,,,https://www.youtube.com/watch?v=AzmYV8GNAIM&t=11s
12/22/2026,Rev 1-2; Pro 19,https://www.youtube.com/watch?v=5nvVVcYD-0w,,,https://www.youtube.com/watch?v=AzmYV8GNAIM&t=11s
12/23/2026,Rev 3-5; Pro 20,https://www.youtube.com/watch?v=5nvVVcYD-0w,,,https://www.youtube.com/watch?v=AzmYV8GNAIM&t=11s
12/24/2026,Rev 6-8; Pro 21,https://www.youtube.com/watch?v=5nvVVcYD-0w,,,https://www.youtube.com/watch?v=AzmYV8GNAIM&t=11s
12/25/2026,Rev 9-11; Pro 22,https://www.youtube.com/watch?v=5nvVVcYD-0w,https://www.youtube.com/watch?v=QpnIrbq2bKo&t=2s,,https://www.youtube.com/watch?v=AzmYV8GNAIM&t=11s
12/26/2026,,,,,
12/27/2026,,,,,
12/28/2026,Rev 12-14; Pro 23,https://www.youtube.com/watch?v=QpnIrbq2bKo&t=2s,,,https://www.youtube.com/watch?v=AzmYV8GNAIM&t=11s
12/29/2026,Rev 15-17; Pro 24,https://www.youtube.com/watch?v=QpnIrbq2bKo&t=2s,,,https://www.youtube.com/watch?v=AzmYV8GNAIM&t=11s
12/30/2026,Rev 18-20; Pro 25,https://www.youtube.com/watch?v=QpnIrbq2bKo&t=2s,,,https://www.youtube.com/watch?v=AzmYV8GNAIM&t=11s
12/31/2026,Rev 21-22; Pro 26,https://www.youtube.com/watch?v=QpnIrbq2bKo&t=2s,,,https://www.youtube.com/watch?v=AzmYV8GNAIM&t=11s
